label,origin_pred,pred_eps=8.0
49,32,32
33,80,80
72,55,55
51,51,30
71,71,23
92,4,4
15,89,89
14,75,75
23,23,71
0,0,57
71,12,12
75,75,34
81,81,90
69,69,23
40,40,40
43,43,40
92,92,25
97,64,64
70,70,92
53,53,70
70,70,36
49,49,66
75,75,3
29,59,59
21,21,46
16,16,0
39,39,25
8,8,16
8,84,84
70,11,11
20,20,20
61,61,1
41,41,45
93,95,95
56,56,29
73,55,55
58,58,45
11,35,35
25,25,5
37,37,81
63,63,31
24,24,9
49,32,32
73,30,30
56,56,29
22,22,16
41,41,53
58,58,84
75,75,51
17,69,69
4,4,2
6,45,45
9,9,16
57,57,35
2,98,98
32,32,65
71,71,30
52,52,47
42,42,11
69,69,30
77,77,78
27,67,67
15,19,19
65,65,44
7,45,45
35,98,98
43,43,97
82,62,62
63,63,66
92,92,31
66,8,8
90,89,89
67,65,65
91,91,18
32,67,67
32,32,11
82,82,6
10,10,16
77,77,7
22,61,61
71,49,49
78,84,84
54,54,62
6,7,7
29,29,73
89,89,37
78,99,99
33,42,42
11,46,46
67,30,30
22,22,10
18,18,9
27,55,55
21,21,2
13,13,90
21,55,55
50,67,67
75,75,18
37,37,68
35,45,45
26,45,45
83,53,53
47,47,43
95,95,57
43,43,63
69,69,69
76,76,39
17,17,12
57,57,62
59,59,47
25,25,29
20,20,77
27,27,45
0,0,26
9,9,99
71,71,60
8,8,48
43,43,97
57,57,53
56,56,79
85,85,90
10,84,84
19,19,15
92,92,62
33,33,59
20,84,84
21,3,3
50,80,80
70,70,51
46,35,35
11,84,84
16,16,66
1,32,32
74,74,21
33,3,3
91,91,65
60,60,17
64,65,65
52,52,47
23,23,71
4,50,50
11,11,2
52,52,47
37,29,29
24,24,7
95,95,30
25,89,89
39,39,78
51,51,85
58,58,81
58,58,14
77,14,14
18,37,37
59,49,49
45,80,80
66,66,36
58,58,13
20,20,5
24,55,55
4,42,42
36,36,34
8,33,33
87,72,72
10,10,40
30,73,73
47,96,96
54,54,54
99,99,64
51,51,64
83,83,45
9,3,3
37,25,25
4,27,27
83,16,16
95,95,15
83,45,45
32,55,55
73,30,30
18,18,6
40,40,51
39,80,80
64,64,90
22,22,8
80,80,65
28,78,78
28,28,41
40,84,84
95,95,27
98,98,26
83,83,70
12,12,13
24,7,7
45,32,32
13,13,81
94,94,28
24,24,61
58,90,90
63,63,8
7,7,24
87,87,37
6,6,63
78,78,91
68,68,59
60,60,98
6,6,63
23,23,25
44,44,26
31,31,19
80,21,21
93,77,77
73,72,72
98,11,11
49,49,17
90,81,81
97,97,80
59,56,56
2,53,53
67,67,95
16,83,83
81,81,97
94,94,16
27,12,12
76,44,44
77,77,87
12,12,68
18,44,44
0,0,83
76,39,39
79,3,3
71,71,12
89,89,76
57,57,0
47,59,59
24,24,24
65,65,36
0,41,41
32,32,38
36,43,43
82,82,62
31,31,21
23,23,49
24,24,24
34,34,72
21,86,86
11,11,32
53,53,0
80,80,38
44,91,91
4,4,8
39,39,22
91,91,37
16,16,40
36,50,50
68,68,98
50,77,77
97,97,43
58,37,37
31,75,75
6,98,98
42,42,10
80,38,38
76,76,94
89,58,58
55,27,27
19,19,66
91,91,75
70,62,62
1,1,38
6,54,54
62,70,70
99,99,10
51,51,38
96,96,59
83,0,0
42,42,75
18,18,91
67,72,72
66,22,22
40,40,51
62,62,6
78,78,34
84,84,5
28,28,97
89,89,86
30,30,95
66,66,2
18,80,80
38,3,3
42,42,74
92,92,58
27,55,55
11,55,55
86,86,39
44,27,27
96,96,37
12,12,9
16,87,87
67,50,50
43,43,12
89,48,48
96,96,58
12,12,41
40,40,68
7,7,57
86,72,72
77,44,44
76,76,76
31,31,10
18,40,40
28,28,6
19,3,3
18,18,51
41,41,41
42,43,43
43,3,3
31,29,29
93,59,59
15,15,61
10,65,65
8,8,78
37,17,17
89,89,17
32,2,2
67,67,73
12,12,90
2,2,57
19,19,70
91,91,14
94,94,16
7,77,77
71,71,87
36,36,18
61,61,40
62,62,70
5,2,2
60,60,71
45,67,67
91,91,21
34,80,80
95,93,93
9,22,22
40,92,92
68,68,12
62,62,14
99,99,61
66,66,34
46,21,21
7,7,24
10,72,72
10,4,4
68,68,15
34,80,80
37,49,49
58,58,13
48,48,61
40,40,51
96,63,63
14,14,42
11,35,35
66,72,72
64,64,32
39,39,20
33,37,37
94,94,20
63,63,15
10,67,67
89,26,26
92,92,54
90,90,85
65,38,38
90,90,89
33,33,96
28,40,40
29,29,38
87,84,84
86,40,40
7,7,24
0,0,83
94,94,84
11,35,35
26,26,3
6,6,18
41,41,41
21,65,65
69,69,36
27,50,50
29,29,77
67,73,73
85,85,58
65,65,36
40,40,35
57,57,10
72,32,32
30,30,95
74,38,38
27,42,42
3,4,4
49,49,68
52,52,47
95,73,73
40,40,51
93,93,96
77,80,80
91,69,69
6,45,45
57,57,55
72,95,95
16,16,16
98,98,2
89,48,48
40,40,84
96,53,53
71,49,49
3,29,29
2,32,32
66,66,97
27,5,5
8,89,89
53,53,92
33,42,42
55,80,80
81,13,13
88,2,2
96,96,34
68,23,23
42,88,88
77,77,0
10,40,40
27,27,3
32,46,46
79,80,80
98,98,11
18,69,69
51,51,38
2,11,11
19,19,40
31,31,55
67,95,95
36,64,64
10,1,1
16,16,21
5,5,74
81,81,50
85,85,90
26,26,18
85,85,58
65,65,38
22,79,79
55,93,93
85,13,13
22,10,10
22,9,9
10,61,61
18,78,78
98,2,2
9,9,86
26,74,74
27,27,92
7,7,93
5,94,94
58,13,13
87,87,39
76,76,69
2,13,13
54,62,62
38,27,27
33,18,18
17,17,58
6,6,6
0,0,24
79,79,21
97,97,15
14,55,55
14,78,78
73,67,67
79,14,14
8,85,85
42,42,21
4,4,73
25,25,87
37,37,13
75,75,75
74,63,63
41,48,48
0,0,94
99,65,65
79,79,25
87,87,69
67,93,93
72,75,75
38,43,43
25,25,33
49,49,89
3,3,72
74,74,66
69,73,73
36,1,1
77,55,55
89,89,38
71,71,69
31,78,78
50,50,61
90,90,87
11,9,9
2,35,35
41,41,75
38,66,66
58,90,90
47,47,47
93,93,3
68,68,81
11,11,98
35,36,36
67,95,95
54,54,14
53,53,53
30,73,73
36,36,48
83,83,45
54,54,92
64,64,74
46,45,45
45,78,78
98,35,35
62,62,62
46,46,5
95,95,30
88,42,42
37,17,17
18,44,44
29,85,85
63,63,74
8,8,77
33,79,79
35,35,98
6,18,18
76,76,19
19,15,15
99,99,11
53,36,36
15,43,43
57,77,77
2,2,36
27,27,43
27,73,73
93,72,72
81,81,16
54,54,51
71,71,68
26,7,7
25,33,33
35,35,2
30,95,95
72,72,30
8,78,78
42,42,34
62,62,92
56,29,29
78,55,55
47,47,2
73,73,30
43,4,4
20,20,43
83,45,45
63,72,72
49,37,37
28,57,57
26,45,45
45,45,98
36,32,32
36,57,57
68,68,9
1,84,84
2,2,98
99,99,4
9,76,76
65,51,51
38,38,88
58,58,23
96,96,47
38,80,80
87,87,94
82,82,92
22,10,10
83,0,0
41,41,24
7,54,54
12,89,89
10,10,55
35,98,98
44,80,80
81,81,89
91,91,44
56,56,96
9,9,70
24,41,41
3,6,6
30,30,73
1,1,18
39,39,78
98,98,75
72,72,77
83,83,57
80,16,16
43,43,1
84,11,11
66,66,81
4,4,22
64,64,80
77,77,97
98,32,32
82,82,92
81,81,89
20,41,41
0,0,62
48,48,14
46,35,35
33,14,14
22,61,61
13,58,58
17,49,49
39,39,39
76,76,16
0,0,92
17,17,85
64,64,6
48,48,22
90,90,34
93,93,73
82,82,82
75,65,65
96,42,42
97,97,88
3,72,72
83,62,62
60,60,31
61,61,10
32,32,51
26,22,22
84,25,25
41,89,89
12,31,31
85,85,47
12,76,76
8,8,3
82,82,70
72,90,90
94,94,84
7,74,74
22,22,86
15,15,97
66,97,97
89,89,20
97,97,25
19,34,34
0,0,93
19,84,84
5,5,25
56,54,54
36,84,84
45,45,20
1,1,8
94,94,50
66,80,80
86,94,94
82,82,82
17,17,58
64,64,27
99,99,57
34,38,38
30,18,18
73,30,30
83,83,0
6,4,4
1,93,93
28,28,28
77,77,79
91,91,91
74,4,4
68,68,60
14,14,13
14,14,10
1,1,91
92,70,70
97,97,64
45,45,63
7,14,14
21,21,14
37,49,49
32,32,74
73,55,55
88,88,5
86,86,98
92,82,82
14,14,38
86,10,10
74,74,40
25,25,20
93,93,67
78,78,86
77,77,66
88,43,43
42,72,72
10,10,91
65,65,79
26,26,42
31,31,77
85,5,5
78,26,26
29,37,37
32,80,80
81,13,13
97,97,36
1,1,40
82,82,82
0,57,57
21,21,44
15,19,19
56,56,99
57,57,92
97,64,64
76,76,37
60,60,71
87,87,75
46,35,35
1,73,73
61,61,66
75,75,19
62,62,92
21,3,3
61,10,10
78,45,45
90,90,50
68,58,58
94,94,16
88,88,3
95,69,69
3,3,42
83,83,83
32,67,67
93,32,32
77,77,57
38,38,21
63,93,93
61,61,46
41,41,41
88,88,55
83,83,18
35,2,2
82,82,82
50,50,7
15,15,9
48,48,45
25,25,54
4,4,15
71,71,12
8,33,33
98,98,74
67,67,1
7,7,24
85,85,41
25,25,94
96,96,79
60,60,71
55,80,80
80,80,65
13,13,82
90,90,37
54,54,92
15,15,12
76,76,12
39,39,22
95,95,30
24,24,74
7,7,63
64,64,97
70,70,92
88,88,72
81,81,58
0,0,70
12,12,60
64,64,95
31,32,32
79,79,43
86,86,37
60,60,71
22,22,61
38,72,72
82,82,82
14,14,34
48,48,48
33,75,75
55,72,72
53,53,57
40,12,12
1,1,9
58,58,81
94,94,87
70,92,92
29,93,93
86,10,10
23,28,28
46,46,21
58,58,63
99,99,34
78,78,93
10,22,22
53,53,53
37,85,85
97,97,4
65,57,57
15,15,49
77,26,26
52,52,59
63,63,41
32,32,67
6,6,14
36,36,40
6,89,89
7,24,24
36,46,46
74,4,4
13,13,86
22,22,35
32,23,23
54,54,10
62,92,92
84,22,22
57,77,77
25,69,69
11,11,91
62,62,92
85,90,90
31,19,19
26,0,0
16,16,40
96,96,23
71,71,23
90,90,37
39,39,37
20,25,25
47,47,53
35,98,98
19,19,27
52,59,59
66,64,64
32,32,38
53,10,10
53,10,10
21,21,48
98,98,46
6,6,54
88,88,6
71,71,23
45,36,36
98,1,1
55,55,27
99,44,44
24,24,7
93,93,45
67,74,74
33,60,60
16,16,94
33,12,12
9,9,16
10,98,98
46,38,38
68,68,28
24,24,14
96,53,53
22,12,12
40,84,84
63,63,43
53,53,92
10,16,16
14,88,88
41,41,93
77,77,16
54,54,70
84,34,34
20,20,5
29,43,43
76,12,12
36,51,51
1,70,70
26,26,78
99,67,67
2,2,11
96,59,59
69,69,10
36,36,85
18,18,38
90,13,13
66,66,27
52,47,47
37,81,81
99,99,78
97,34,34
12,12,37
55,77,77
15,15,27
85,25,25
15,31,31
16,16,86
33,96,96
99,99,61
80,3,3
28,28,11
69,99,99
51,51,4
72,80,80
39,39,10
8,8,48
56,56,59
59,52,52
15,64,64
21,98,98
77,77,39
45,44,44
21,21,27
80,64,64
89,89,37
37,37,17
48,41,41
47,96,96
56,56,47
65,80,80
96,47,47
14,14,9
52,4,4
2,2,45
60,60,71
9,9,59
68,68,60
22,22,10
23,23,49
44,80,80
19,80,80
54,92,92
97,97,66
23,71,71
54,54,92
62,92,92
56,56,8
23,71,71
42,42,88
81,81,90
66,66,77
87,16,16
47,47,59
47,96,96
45,23,23
42,42,88
51,51,34
10,10,5
35,2,2
68,68,71
13,13,30
55,30,30
34,34,38
74,38,38
47,47,96
40,45,45
51,51,16
6,6,54
3,72,72
76,76,54
52,47,47
53,62,62
34,34,43
60,60,17
63,74,74
28,10,10
24,24,7
36,17,17
69,69,37
82,82,89
90,90,85
70,92,92
75,5,5
77,77,35
43,43,45
43,43,85
78,78,17
81,81,76
80,38,38
66,19,19
35,35,64
84,84,98
21,21,46
49,49,71
96,33,33
15,15,72
37,37,91
2,35,35
89,89,87
36,36,42
9,76,76
53,53,57
91,91,85
65,80,80
67,23,23
94,94,10
40,51,51
72,72,4
90,90,58
86,86,16
85,93,93
30,95,95
92,92,89
25,25,45
60,68,68
2,35,35
29,27,27
0,57,57
9,9,12
37,37,90
1,55,55
50,38,38
90,90,27
27,74,74
52,52,47
36,80,80
48,58,58
71,23,23
12,12,25
97,97,51
0,0,0
3,3,25
41,41,41
21,21,2
16,16,86
51,51,70
72,64,64
13,13,15
63,77,77
81,81,13
73,73,27
55,55,15
30,30,73
28,40,40
10,61,61
84,53,53
8,8,93
6,6,81
9,9,91
93,55,55
2,35,35
78,80,80
26,1,1
16,98,98
17,17,9
39,80,80
67,67,72
20,20,24
3,72,72
81,13,13
26,26,78
96,59,59
45,32,32
15,19,19
29,31,31
57,57,43
60,60,56
49,71,71
36,36,9
23,23,40
63,42,42
72,85,85
19,15,15
41,41,45
55,55,65
26,14,14
25,84,84
49,49,12
28,40,40
20,20,20
33,33,68
7,7,9
45,44,44
7,7,44
89,89,48
1,1,62
90,90,37
42,50,50
15,15,65
23,23,32
93,93,30
96,96,85
59,59,47
29,29,15
29,29,78
75,81,81
93,93,67
8,89,89
70,70,99
48,48,48
82,82,53
84,40,40
81,81,68
72,55,55
38,38,45
80,80,74
63,63,26
76,76,76
4,74,74
54,54,61
60,23,23
1,33,33
49,60,60
1,1,32
92,70,70
77,77,38
30,69,69
98,98,55
62,92,92
25,5,5
26,26,1
55,78,78
25,27,27
21,21,31
25,33,33
82,82,70
80,80,97
19,15,15
93,1,1
35,11,11
61,61,87
81,81,41
69,69,40
9,9,22
91,95,95
96,47,47
34,34,64
23,45,45
9,9,40
0,0,83
28,62,62
51,1,1
91,66,66
65,80,80
33,94,94
5,5,20
13,13,32
52,52,47
58,58,37
65,45,45
32,32,1
37,37,15
63,74,74
61,22,22
19,19,17
2,2,98
49,49,95
64,64,66
58,58,81
93,80,80
62,92,92
52,47,47
53,53,99
41,58,58
33,33,79
84,48,48
22,60,60
67,67,32
44,36,36
95,95,66
24,24,6
46,46,98
98,98,35
31,3,3
83,0,0
16,40,40
2,2,11
47,52,52
51,51,30
3,31,31
18,79,79
60,60,60
38,97,97
95,76,76
89,89,33
11,14,14
63,3,3
15,15,78
49,30,30
63,63,45
85,85,29
12,17,17
38,38,45
66,66,98
99,78,78
72,80,80
83,53,53
12,12,37
93,93,67
51,33,33
21,21,85
47,47,52
21,21,19
43,43,57
77,77,37
55,55,3
36,64,64
57,92,92
69,76,76
5,5,20
29,29,52
41,41,22
14,14,78
41,41,48
77,77,7
58,58,37
60,60,68
45,26,26
88,88,4
19,19,31
19,19,72
48,78,78
5,5,63
81,81,50
69,79,79
77,51,51
60,60,28
88,34,34
92,92,54
31,31,37
34,34,36
36,36,9
30,30,43
64,72,72
82,82,51
88,88,6
7,7,97
38,38,44
57,10,10
92,54,54
23,23,47
11,2,2
41,41,10
38,77,77
90,90,47
76,76,17
28,10,10
24,24,7
6,6,18
84,40,40
76,76,84
88,6,6
28,28,40
98,98,11
96,96,30
93,67,67
64,64,42
45,88,88
54,54,1
26,26,29
79,65,65
70,70,92
46,35,35
89,89,45
89,89,37
64,64,97
93,50,50
39,39,8
53,53,20
36,50,50
50,65,65
56,56,59
84,84,84
46,11,11
13,90,90
5,81,81
51,51,74
5,5,36
56,56,51
68,68,87
70,48,48
92,92,62
93,93,95
28,17,17
18,19,19
37,37,81
50,36,36
81,81,90
67,67,93
41,41,45
35,11,11
99,39,39
41,41,14
79,45,45
90,90,49
59,59,90
59,59,52
35,2,2
16,61,61
17,17,19
64,64,97
90,90,15
96,25,25
3,19,19
88,88,77
3,3,31
45,45,93
0,0,83
68,68,21
33,9,9
49,49,73
0,0,53
18,6,6
22,53,53
72,72,76
4,74,74
66,64,64
5,5,8
46,35,35
79,18,18
70,54,54
9,9,46
49,69,69
34,34,14
48,48,53
71,71,16
37,22,22
42,42,14
6,6,61
91,91,5
58,58,22
42,3,3
17,37,37
1,70,70
5,5,94
65,65,14
5,5,9
38,29,29
47,47,96
38,50,50
63,63,5
61,61,16
28,28,25
99,99,34
20,20,20
88,88,43
50,36,36
53,53,6
97,64,64
59,59,56
78,78,1
35,35,94
50,38,38
6,70,70
98,35,35
33,33,27
65,72,72
23,23,76
68,68,71
26,84,84
96,52,52
17,17,52
65,65,63
47,47,52
12,12,76
94,94,84
81,81,5
76,76,76
91,91,97
72,72,57
35,11,11
18,18,33
96,52,52
92,92,6
98,46,46
19,89,89
0,0,57
43,43,66
50,50,64
43,43,63
44,72,72
73,44,44
4,4,44
53,53,20
37,27,27
8,89,89
25,10,10
52,86,86
29,29,96
44,27,27
12,69,69
38,65,65
5,5,20
25,25,66
41,41,14
81,25,25
23,23,93
68,68,78
59,59,35
81,81,13
43,43,51
8,48,48
11,9,9
18,44,44
92,92,54
5,84,84
34,80,80
48,48,48
80,80,74
25,25,37
31,65,65
8,48,48
88,88,31
10,78,78
50,50,80
76,31,31
50,25,25
95,95,67
94,94,20
83,83,96
52,52,59
44,10,10
16,57,57
99,99,26
68,68,81
28,10,10
15,3,3
47,96,96
34,34,99
57,57,17
13,13,58
22,61,61
9,65,65
90,86,86
50,50,89
34,34,14
43,43,29
20,20,5
87,87,86
91,91,32
80,65,65
9,9,9
17,19,19
19,19,47
57,57,53
14,75,75
27,93,93
46,46,98
13,13,81
44,44,15
24,24,61
10,10,67
84,12,12
4,4,97
56,56,8
29,29,64
29,27,27
51,93,93
78,78,72
62,62,6
53,53,57
17,17,13
28,28,10
28,28,4
11,11,98
65,65,46
48,78,78
48,13,13
12,71,71
55,95,95
66,66,72
98,21,21
8,8,10
94,94,18
25,25,37
70,70,92
54,2,2
12,12,31
86,86,16
3,3,27
76,76,1
13,13,81
2,11,11
7,7,59
91,91,58
55,80,80
45,45,1
51,51,70
53,53,1
28,28,15
9,9,40
87,87,13
13,13,58
30,72,72
58,58,41
61,10,10
31,31,2
70,0,0
39,39,5
3,27,27
47,96,96
34,34,72
26,26,97
50,10,10
59,59,96
64,65,65
37,32,32
92,92,62
14,14,75
26,26,34
37,39,39
94,94,84
29,43,43
15,31,31
63,91,91
7,26,26
32,32,69
9,9,16
43,15,15
12,12,37
27,55,55
78,78,62
97,35,35
55,55,31
11,11,63
69,46,46
66,66,40
31,21,21
20,20,20
54,92,92
45,29,29
86,86,86
84,44,44
55,3,3
3,80,80
6,42,42
54,54,6
69,69,61
47,47,52
62,62,92
57,57,74
85,85,51
30,73,73
16,16,5
11,2,2
82,14,14
65,19,19
59,59,16
81,90,90
39,39,61
79,79,88
25,25,20
44,48,48
16,65,65
23,72,72
17,17,88
49,72,72
69,73,73
74,74,63
63,4,4
10,28,28
56,90,90
43,43,97
22,70,70
11,98,98
9,9,32
17,17,76
31,31,21
52,59,59
52,96,96
36,36,66
58,58,47
79,65,65
42,3,3
32,67,67
15,15,78
15,15,68
79,18,18
56,56,85
3,3,63
77,32,32
57,57,53
5,25,25
76,71,71
84,70,70
47,52,52
79,59,59
64,64,63
3,19,19
22,81,81
84,38,38
15,43,43
83,83,0
19,19,51
64,72,72
61,61,16
33,33,18
16,22,22
76,76,95
96,96,56
87,87,83
92,92,53
39,39,78
60,60,49
59,59,72
74,74,17
27,57,57
68,68,59
7,55,55
23,23,35
42,42,88
47,47,54
2,51,51
20,20,25
80,80,3
24,24,6
17,17,72
12,12,79
55,63,63
13,48,48
17,17,16
67,67,34
21,21,78
42,42,74
21,21,22
46,35,35
79,85,85
21,21,72
61,61,99
64,80,80
41,41,41
16,16,94
40,51,51
54,54,92
70,54,54
65,21,21
84,84,95
64,72,72
37,37,84
59,96,96
92,92,70
71,71,84
17,17,13
96,96,47
94,94,20
39,25,25
93,64,64
79,96,96
34,34,87
26,26,51
33,33,35
24,7,7
12,12,61
53,53,83
88,80,80
20,20,20
47,47,59
98,66,66
25,90,90
45,48,48
25,25,20
61,10,10
56,56,96
68,68,33
27,38,38
13,13,81
92,92,18
12,86,86
46,46,98
76,76,52
67,67,7
27,5,5
2,2,98
78,39,39
48,48,41
3,3,74
98,98,44
20,20,22
8,8,85
43,77,77
57,57,83
63,63,31
7,7,44
10,10,32
47,47,37
46,40,40
52,52,56
90,81,81
69,69,75
78,55,55
15,15,63
78,78,15
29,42,42
61,61,22
5,81,81
30,25,25
86,86,95
85,85,17
33,33,3
10,10,46
44,55,55
34,34,67
24,24,63
56,56,84
61,22,22
62,53,53
38,38,29
72,45,45
44,29,29
53,53,39
7,7,64
38,79,79
17,17,13
40,78,78
91,50,50
83,53,53
82,82,92
10,61,61
21,21,19
30,93,93
65,64,64
47,52,52
57,57,32
16,16,20
81,89,89
30,95,95
72,72,36
96,52,52
88,42,42
62,62,51
95,55,55
27,44,44
61,61,97
2,2,65
50,4,4
21,21,31
87,87,89
5,84,84
69,73,73
37,37,13
59,59,28
0,0,0
78,44,44
20,25,25
85,85,58
54,54,70
53,53,83
73,30,30
69,69,76
3,3,42
35,35,75
49,49,73
33,33,31
73,72,72
99,99,32
97,97,21
89,89,63
3,3,44
54,54,66
90,90,13
45,80,80
11,11,46
1,1,36
51,92,92
28,28,97
79,27,27
47,52,52
54,26,26
83,83,0
40,40,9
14,14,18
26,67,67
27,95,95
12,12,17
42,34,34
44,27,27
29,29,24
59,96,96
8,8,31
17,17,65
56,56,38
46,11,11
80,4,4
1,1,81
82,82,47
51,59,59
34,88,88
86,86,87
96,47,47
86,86,7
93,93,77
38,38,29
20,9,9
19,84,84
2,83,83
20,5,5
91,91,51
55,43,43
65,65,44
64,64,55
90,90,81
70,53,53
34,34,3
11,46,46
55,74,74
68,68,44
52,59,59
6,6,54
79,79,11
22,65,65
22,22,46
86,86,16
10,10,97
1,1,58
75,75,24
48,41,41
5,5,84
90,68,68
67,55,55
99,99,10
33,84,84
82,82,70
76,76,21
51,50,50
92,92,61
65,65,94
77,77,51
70,70,8
12,12,25
91,91,1
83,53,53
95,95,72
48,48,8
52,47,47
30,95,95
49,49,31
11,35,35
3,3,59
17,17,37
80,38,38
94,94,20
29,29,67
87,87,2
49,49,76
64,93,93
57,57,24
42,64,64
95,73,73
28,28,10
16,16,13
99,75,75
46,46,98
31,31,21
25,25,6
2,35,35
95,73,73
21,21,22
83,53,53
59,52,52
56,56,56
28,28,10
17,17,13
53,53,53
71,71,25
7,86,86
94,94,16
53,53,36
89,89,32
10,0,0
28,82,82
7,83,83
36,54,54
79,79,25
53,53,57
87,87,22
43,43,78
76,17,17
69,69,16
22,22,86
17,17,76
6,6,45
53,53,62
68,68,60
44,27,27
89,89,56
15,43,43
80,80,18
45,45,9
95,95,23
37,13,13
80,63,63
28,28,16
13,71,71
23,23,39
52,52,96
24,24,24
21,96,96
55,91,91
99,99,10
98,29,29
21,21,22
59,59,56
9,9,7
81,13,13
88,88,66
93,93,31
61,61,22
17,17,12
44,26,26
49,49,4
81,81,5
78,78,31
94,94,40
40,40,28
60,60,89
80,80,88
58,58,59
4,14,14
88,88,14
18,95,95
24,15,15
36,36,46
26,72,72
74,74,14
88,88,39
56,56,85
3,3,42
65,38,38
0,0,83
43,43,63
22,10,10
47,47,20
65,95,95
22,30,30
69,69,57
9,9,16
78,78,29
4,91,91
69,69,95
46,46,11
97,97,66
29,29,18
18,44,44
64,64,90
98,35,35
65,65,66
36,36,78
94,87,87
84,26,26
91,85,85
20,20,25
36,25,25
50,63,63
76,76,52
29,29,55
63,63,88
6,6,26
30,55,55
99,99,71
55,40,40
21,21,85
38,38,1
83,83,70
67,67,37
31,31,29
49,49,90
39,39,81
66,66,15
66,66,22
53,53,53
54,54,92
41,41,24
36,36,26
61,61,22
88,88,8
30,30,40
19,3,3
95,95,30
41,41,41
89,89,8
19,30,30
46,46,46
78,78,51
37,37,48
31,31,59
22,22,22
2,1,1
78,80,80
13,13,58
73,73,95
51,15,15
95,95,73
2,2,33
38,38,34
98,98,78
28,28,40
18,45,45
42,42,41
7,79,79
88,88,55
61,10,10
12,12,17
8,94,94
92,92,83
41,41,41
33,79,79
65,32,32
17,17,37
51,18,18
99,99,23
35,11,11
67,95,95
63,63,26
63,50,50
9,9,9
58,58,83
96,96,33
77,50,50
1,1,29
36,64,64
53,53,83
83,92,92
13,13,58
98,98,40
21,21,19
35,11,11
39,39,72
49,49,27
81,81,13
35,98,98
3,3,21
77,55,55
89,89,10
30,95,95
85,85,12
59,52,52
48,48,45
98,98,54
38,38,28
80,64,64
39,25,25
82,16,16
43,43,29
12,12,95
21,21,11
18,77,77
25,16,16
5,5,87
25,55,55
63,63,74
78,78,28
4,43,43
40,40,51
29,3,3
15,31,31
39,33,33
49,49,23
93,30,30
39,39,35
77,79,79
69,9,9
53,53,53
64,3,3
12,12,95
57,57,32
5,5,91
17,17,50
97,97,74
37,37,17
48,48,61
79,79,64
5,5,84
83,57,57
16,10,10
41,45,45
48,48,0
54,8,8
79,79,87
67,55,55
73,67,67
0,0,83
19,19,44
14,14,38
29,29,78
84,84,20
48,48,1
36,36,91
76,87,87
95,95,10
20,20,5
59,59,52
57,57,0
67,77,77
6,50,50
71,71,23
21,31,31
7,7,45
91,91,58
92,92,10
87,87,58
91,91,18
16,9,9
86,50,50
58,58,13
89,89,45
97,38,38
83,51,51
72,72,66
85,56,56
41,16,16
3,72,72
20,20,25
10,32,32
74,7,7
49,49,17
63,18,18
91,75,75
56,56,47
92,92,54
19,19,7
64,64,95
28,28,10
11,31,31
41,41,99
81,13,13
90,90,85
89,89,13
86,86,66
22,65,65
41,41,84
50,98,98
27,27,97
87,87,36
21,3,3
34,34,1
36,36,92
90,90,81
94,94,40
71,71,23
31,66,66
62,62,92
95,95,95
33,33,47
38,19,19
95,95,95
41,90,90
24,24,7
89,89,13
15,15,66
81,81,6
8,78,78
48,48,85
30,95,95
52,52,56
79,46,46
20,20,32
68,68,37
16,16,9
78,78,72
45,87,87
31,15,15
66,80,80
52,52,96
43,43,36
20,20,20
98,98,11
24,24,83
71,49,49
49,31,31
44,57,57
46,46,27
62,84,84
22,50,50
11,37,37
89,89,44
99,78,78
73,27,27
26,26,88
53,53,57
10,10,92
41,89,89
12,12,37
2,2,8
4,4,19
39,93,93
19,19,15
56,56,52
74,74,16
79,79,26
73,67,67
46,98,98
3,42,42
22,61,61
6,6,64
59,81,81
54,15,15
87,87,94
2,6,6
87,87,16
49,49,5
91,91,5
37,25,25
53,53,66
51,96,96
7,7,24
99,99,99
13,13,76
25,84,84
66,66,88
80,80,65
22,40,40
73,73,95
83,16,16
14,14,25
42,42,38
86,86,5
22,10,10
90,90,68
74,26,26
24,57,57
84,84,28
91,69,69
97,97,37
88,80,80
4,4,92
26,26,26
22,78,78
19,51,51
67,99,99
73,67,67
84,84,14
98,3,3
6,6,82
35,32,32
29,29,15
51,51,80
59,59,26
62,62,92
60,60,49
68,68,60
44,8,8
83,83,83
0,57,57
41,41,44
90,81,81
48,48,81
82,82,64
67,93,93
28,10,10
28,28,70
71,71,23
79,79,29
43,43,45
17,17,13
5,81,81
17,17,37
7,7,18
84,91,91
57,57,7
27,67,67
57,57,37
68,68,5
26,26,1
59,59,47
4,72,72
87,87,13
99,22,22
3,3,63
66,66,57
38,38,18
15,15,32
75,75,18
20,20,54
47,47,52
0,0,57
14,14,26
85,12,12
62,62,99
55,44,44
63,63,38
69,69,30
3,55,55
77,73,73
73,73,30
38,38,88
59,63,63
52,52,18
84,12,12
37,12,12
60,60,71
21,21,95
96,47,47
68,71,71
16,16,77
19,19,40
40,40,94
70,70,62
61,22,22
10,0,0
57,57,30
81,81,65
68,68,35
12,18,18
10,28,28
38,43,43
10,10,7
47,47,78
76,49,49
11,11,63
72,72,21
23,23,66
1,93,93
14,3,3
31,19,19
30,72,72
93,80,80
54,54,70
9,9,65
15,15,19
2,2,70
26,45,45
65,57,57
32,32,30
12,12,76
58,58,90
73,67,67
76,76,69
95,95,97
67,76,76
95,55,55
26,26,82
92,70,70
47,70,70
84,5,5
29,34,34
51,92,92
44,44,22
45,45,16
60,60,49
34,34,6
97,97,67
1,91,91
93,55,55
97,97,94
19,34,34
19,65,65
92,92,48
69,29,29
65,97,97
95,95,30
78,64,64
5,25,25
34,34,67
76,76,49
25,67,67
50,93,93
30,95,95
69,69,23
59,59,47
34,88,88
77,77,8
46,98,98
66,66,66
31,31,40
73,73,93
87,16,16
90,90,3
18,18,16
6,50,50
38,38,90
81,81,13
25,25,61
81,90,90
64,64,74
70,83,83
37,37,17
76,76,76
31,31,78
0,0,83
90,81,81
32,1,1
5,5,84
56,37,37
41,41,41
80,77,77
5,25,25
52,59,59
51,66,66
25,25,22
20,20,98
61,10,10
98,98,11
20,20,9
32,32,77
35,98,98
5,90,90
72,55,55
61,61,10
43,43,74
58,58,41
36,36,72
99,99,78
60,60,68
70,70,92
38,36,36
59,18,18
26,95,95
56,56,25
78,44,44
83,83,70
23,23,69
52,59,59
32,32,3
54,54,92
33,33,38
61,61,18
49,3,3
53,53,83
15,15,28
50,50,36
3,3,31
12,85,85
86,86,41
55,3,3
58,58,41
5,5,31
30,95,95
26,29,29
10,92,92
0,10,10
11,11,6
9,9,78
33,87,87
53,53,83
33,47,47
94,94,16
46,11,11
99,78,78
34,34,62
1,1,0
17,49,49
63,65,65
69,69,95
66,66,97
37,37,93
67,67,67
40,40,94
93,30,30
24,24,24
82,82,10
23,23,15
30,30,49
66,66,97
30,45,45
11,2,2
11,2,2
94,94,16
88,88,29
37,87,87
29,31,31
46,11,11
95,95,30
54,54,70
41,41,41
6,6,3
19,19,7
22,22,61
3,14,14
32,90,90
55,3,3
53,53,57
72,3,3
33,33,57
20,20,8
63,63,45
12,12,95
64,72,72
23,23,19
22,10,10
75,75,43
8,14,14
33,96,96
66,66,59
55,3,3
72,72,29
73,91,91
84,84,25
13,13,81
96,96,78
65,38,38
22,22,61
0,0,83
19,19,41
80,64,64
23,23,95
85,85,37
68,68,12
86,9,9
37,37,17
81,27,27
35,35,46
98,10,10
8,12,12
23,60,60
76,76,98
74,74,90
89,89,91
60,60,71
69,69,23
96,85,85
32,32,65
29,29,29
64,38,38
9,9,40
16,16,16
0,0,73
74,65,65
17,37,37
54,51,51
62,62,70
6,10,10
34,34,6
65,64,64
8,90,90
46,46,74
67,67,69
53,53,53
23,49,49
78,45,45
61,61,10
26,26,19
64,63,63
25,25,94
70,70,62
96,96,47
67,93,93
22,86,86
45,26,26
65,37,37
96,63,63
79,79,24
23,23,49
76,76,92
26,29,29
57,39,39
16,94,94
64,64,27
34,34,63
82,82,6
66,66,64
83,9,9
72,27,27
71,23,23
9,9,76
60,60,68
35,50,50
43,43,42
29,29,31
93,55,55
58,58,41
94,84,84
5,5,17
83,83,22
92,62,62
26,26,1
39,39,71
86,86,10
93,75,75
16,16,9
85,85,90
27,38,38
76,76,29
89,90,90
42,42,2
18,18,98
14,14,7
4,3,3
73,67,67
71,71,50
20,20,25
20,8,8
16,5,5
51,51,7
88,88,66
5,84,84
25,25,32
64,65,65
59,12,12
77,77,74
22,22,86
3,4,4
68,71,71
28,69,69
44,44,74
13,13,90
73,73,95
98,2,2
52,52,47
44,27,27
99,18,18
17,17,48
31,31,67
50,50,79
87,87,16
44,78,78
85,85,12
58,58,41
57,57,53
45,45,83
28,94,94
5,5,41
11,2,2
81,81,40
46,2,2
67,93,93
96,47,47
69,69,71
19,84,84
55,55,67
75,75,14
31,31,30
97,97,66
66,3,3
51,78,78
71,49,49
29,38,38
4,50,50
89,89,85
99,18,18
67,67,45
39,39,39
52,47,47
59,59,96
12,12,26
96,96,66
16,11,11
36,36,61
64,64,97
27,37,37
81,81,58
37,37,10
11,46,46
85,85,12
50,65,65
35,64,64
78,78,66
6,54,54
72,72,67
70,54,54
74,4,4
42,42,14
0,0,0
41,41,41
39,78,78
87,22,22
80,80,42
44,91,91
47,52,52
95,95,4
10,2,2
21,21,40
63,63,11
55,80,80
69,12,12
20,20,25
85,85,90
78,14,14
23,31,31
13,13,89
92,33,33
98,45,45
84,84,19
75,75,31
10,29,29
4,4,36
52,52,76
55,72,72
61,61,51
89,29,29
57,57,0
50,26,26
42,38,38
40,42,42
91,91,30
88,42,42
73,77,77
49,49,26
20,20,20
2,35,35
16,16,61
26,26,42
91,91,91
88,88,86
85,85,17
28,28,40
27,27,63
83,53,53
54,54,54
65,65,94
71,71,69
77,57,57
13,13,58
56,56,91
76,76,17
37,17,17
3,64,64
72,64,64
63,64,64
46,46,79
75,75,50
90,90,81
26,26,14
60,60,58
49,49,37
50,50,74
15,17,17
2,11,11
78,78,99
94,94,94
86,86,87
25,25,5
11,2,2
13,81,81
4,4,72
40,14,14
47,47,55
44,44,63
90,90,60
95,95,13
78,18,18
7,7,54
78,89,89
39,39,86
40,79,79
69,69,76
72,72,3
64,80,80
47,47,96
60,60,37
78,11,11
36,36,4
75,75,15
36,36,19
82,82,56
88,88,42
38,38,93
36,36,63
81,89,89
72,77,77
50,55,55
2,65,65
52,52,96
68,68,35
44,99,99
6,6,45
53,53,57
56,56,95
32,72,72
46,15,15
34,34,97
83,0,0
74,4,4
19,15,15
43,43,73
77,77,38
87,87,57
26,26,98
63,63,11
5,60,60
79,82,82
85,89,89
38,65,65
80,38,38
59,59,59
5,5,36
73,95,95
32,32,65
15,19,19
24,24,7
93,63,63
2,2,11
88,88,74
49,49,69
11,11,2
38,15,15
62,62,70
7,7,22
6,6,11
61,61,10
27,27,63
5,12,12
41,41,35
37,12,12
10,84,84
43,43,29
69,23,23
21,21,38
73,73,95
68,12,12
88,88,15
10,10,0
65,65,54
4,64,64
47,96,96
59,59,47
20,20,12
35,45,45
2,48,48
88,88,50
83,83,9
72,72,36
4,27,27
3,50,50
60,60,52
82,82,59
61,61,25
68,68,60
92,92,82
22,83,83
84,5,5
87,87,94
32,73,73
91,91,24
38,38,63
36,36,9
9,9,16
63,65,65
57,83,83
50,74,74
97,66,66
27,66,66
34,34,21
69,48,48
1,67,67
82,82,92
13,13,64
84,65,65
15,15,31
97,64,64
22,10,10
27,33,33
18,18,72
79,79,57
98,98,40
74,4,4
97,97,74
13,13,12
78,26,26
88,60,60
98,35,35
78,18,18
5,5,26
4,64,64
17,17,13
60,60,68
44,38,38
69,27,27
53,53,53
37,37,13
82,82,82
44,44,27
3,3,46
24,24,7
27,66,66
6,6,10
38,38,67
35,35,46
21,21,15
0,0,53
16,10,10
84,84,79
11,11,21
41,86,86
98,25,25
89,89,48
99,44,44
31,31,3
46,46,34
68,68,33
47,47,10
47,96,96
11,2,2
95,95,77
70,70,92
23,23,85
58,58,13
50,64,64
27,27,79
8,8,96
47,52,52
27,55,55
3,29,29
68,68,60
53,62,62
34,55,55
68,68,33
96,96,37
53,83,83
19,19,15
70,92,92
21,21,2
90,90,81
11,2,2
21,21,38
4,66,66
1,1,36
53,53,57
29,26,26
93,95,95
14,14,38
91,91,32
71,71,76
88,88,97
98,35,35
89,89,32
27,38,38
71,71,60
64,64,78
94,94,86
61,67,67
20,5,5
83,83,62
3,31,31
38,74,74
99,99,22
5,5,81
11,11,27
84,25,25
88,21,21
6,7,7
67,67,93
5,39,39
31,31,1
65,97,97
59,96,96
30,30,38
97,97,59
64,35,35
46,35,35
22,22,22
51,51,50
25,26,26
18,55,55
78,26,26
56,96,96
88,88,6
24,24,77
5,5,76
22,87,87
15,15,81
67,73,73
15,15,64
2,98,98
60,60,23
41,41,11
11,35,35
70,70,82
76,76,15
81,89,89
89,89,63
24,75,75
30,73,73
50,50,81
0,0,83
75,75,81
63,65,65
9,70,70
36,36,28
20,20,20
7,24,24
74,64,64
24,24,24
73,73,76
32,67,67
35,98,98
82,82,53
87,87,87
31,31,3
14,14,33
73,73,34
47,96,96
65,61,61
77,77,12
51,65,65
61,61,22
30,95,95
32,46,46
66,66,2
29,29,29
97,97,42
16,16,22
0,0,10
82,82,64
43,43,18
23,73,73
89,89,17
9,9,36
16,16,76
68,68,60
2,35,35
45,71,71
44,44,63
23,73,73
38,38,1
56,40,40
40,40,11
35,35,46
73,30,30
0,0,53
88,35,35
23,23,37
7,83,83
42,80,80
77,14,14
9,46,46
35,64,64
96,96,33
83,92,92
94,94,97
3,3,32
90,90,81
75,75,39
38,69,69
14,42,42
71,60,60
36,36,55
3,88,88
78,66,66
21,21,11
13,81,81
48,65,65
83,83,0
50,74,74
79,38,38
55,3,3
33,33,5
21,21,22
60,60,17
8,8,9
84,84,51
92,92,54
6,6,63
51,18,18
25,87,87
27,55,55
86,86,21
27,27,99
8,8,24
21,3,3
12,12,37
44,44,31
75,75,66
27,4,4
50,50,85
80,80,38
54,6,6
94,94,86
48,48,13
41,41,14
53,53,62
14,99,99
55,55,8
53,83,83
12,12,90
7,7,31
46,98,98
95,95,3
38,65,65
67,67,73
0,0,0
72,72,95
11,35,35
27,78,78
1,14,14
73,73,13
25,90,90
47,47,96
42,23,23
75,75,27
81,81,51
69,69,93
10,86,86
24,24,56
87,87,69
35,46,46
69,9,9
86,39,39
59,37,37
84,84,3
63,31,31
86,87,87
23,33,33
82,82,89
14,14,14
10,10,46
26,97,97
62,92,92
6,64,64
10,84,84
17,17,37
76,76,18
56,40,40
63,63,90
85,85,13
99,99,78
64,64,77
7,24,24
42,42,34
24,24,7
13,90,90
6,6,97
37,37,91
16,16,90
33,96,96
48,48,9
44,44,99
80,66,66
19,19,21
82,82,62
46,46,11
33,33,87
31,31,21
86,86,55
59,49,49
3,3,66
9,9,9
57,57,32
54,92,92
43,43,88
35,35,2
93,93,1
62,62,70
88,88,75
64,64,99
78,78,39
45,45,92
36,80,80
1,1,16
43,43,42
34,34,1
71,71,68
87,94,94
39,12,12
18,18,43
57,57,34
67,67,1
4,3,3
73,73,75
41,41,48
76,98,98
73,30,30
43,43,6
94,94,84
25,81,81
63,99,99
71,71,23
15,15,45
52,52,59
38,74,74
30,30,27
64,50,50
30,30,95
23,71,71
35,35,2
74,74,6
36,36,8
76,76,76
96,96,47
17,17,58
31,43,43
76,76,17
88,80,80
3,3,50
63,63,66
2,2,46
77,77,41
49,49,15
92,92,87
17,37,37
80,50,50
89,6,6
3,31,31
88,88,34
26,26,77
41,41,24
79,79,96
32,72,72
62,35,35
55,38,38
20,20,5
98,98,74
26,26,45
17,17,76
1,1,26
32,78,78
43,43,64
85,69,69
72,12,12
59,59,47
24,24,24
13,13,81
31,3,3
14,14,37
42,42,38
40,85,85
33,33,78
20,20,5
68,68,49
23,23,77
62,1,1
24,24,2
55,55,5
10,10,6
22,61,61
70,47,47
79,79,92
73,73,72
45,45,99
84,5,5
9,9,16
70,92,92
96,52,52
97,97,74
33,33,49
67,30,30
21,66,66
90,81,81
62,82,82
57,57,64
25,25,86
54,54,28
69,95,95
40,92,92
41,41,37
93,55,55
9,9,83
83,6,6
7,28,28
25,20,20
13,13,58
90,90,85
16,84,84
12,12,67
48,48,8
50,50,74
37,37,85
49,49,66
60,68,68
36,43,43
37,37,68
39,39,33
65,72,72
91,91,27
70,45,45
90,90,89
99,79,79
10,61,61
4,74,74
21,87,87
48,48,13
36,36,67
31,42,42
66,66,89
5,5,45
92,34,34
93,18,18
60,25,25
50,80,80
93,50,50
28,18,18
49,49,3
32,32,98
79,79,5
98,98,97
86,86,86
30,30,40
64,2,2
18,44,44
44,44,26
13,58,58
99,99,30
27,27,3
69,9,9
87,87,94
6,6,32
22,61,61
50,50,36
90,13,13
71,71,95
20,83,83
91,91,18
90,81,81
71,71,60
49,49,76
42,42,37
57,57,83
20,20,20
63,63,81
67,67,30
12,87,87
91,91,20
39,39,61
20,7,7
73,73,91
52,52,96
69,69,87
56,56,59
10,28,28
51,26,26
44,45,45
62,92,92
62,82,82
43,43,95
30,30,3
6,6,92
99,99,61
35,36,36
79,79,27
35,35,2
9,9,28
20,20,95
79,79,9
15,15,37
87,87,94
37,37,20
20,55,55
60,60,60
33,33,96
67,67,37
92,54,54
73,57,57
88,88,6
38,80,80
90,90,81
70,61,61
77,40,40
84,84,85
16,16,31
18,18,78
80,80,97
51,92,92
42,42,38
68,68,90
18,80,80
24,14,14
19,55,55
6,80,80
57,57,45
21,21,38
42,42,88
39,39,5
10,86,86
20,20,84
9,90,90
4,55,55
51,51,77
1,1,14
14,14,2
53,53,83
7,7,15
60,60,33
53,53,53
90,81,81
43,43,83
62,62,92
38,51,51
76,76,30
84,84,28
46,46,43
32,32,89
54,92,92
34,38,38
29,44,44
65,65,32
72,7,7
65,80,80
10,61,61
25,81,81
7,7,83
48,48,1
90,90,81
94,94,88
42,3,3
4,93,93
55,64,64
99,18,18
68,68,21
6,82,82
24,26,26
82,82,32
43,43,42
71,49,49
31,31,19
75,75,78
26,78,78
49,49,96
98,35,35
25,25,84
62,54,54
73,50,50
2,98,98
81,81,3
99,99,99
11,11,35
31,31,81
82,82,62
56,79,79
3,3,97
88,97,97
62,62,54
8,8,15
73,93,93
20,20,31
44,68,68
80,3,3
89,89,36
0,53,53
23,23,5
16,16,9
96,96,59
24,74,74
26,26,61
93,30,30
6,35,35
53,53,62
93,93,37
19,4,4
49,49,96
11,35,35
45,84,84
27,15,15
26,78,78
82,57,57
84,84,25
28,28,72
1,1,93
56,88,88
26,79,79
57,57,62
60,60,71
18,40,40
55,91,91
71,23,23
56,56,47
47,52,52
21,21,3
36,64,64
9,9,10
41,41,63
24,24,24
75,75,14
5,5,25
32,11,11
12,12,17
57,57,15
84,40,40
76,76,59
65,38,38
12,12,49
21,21,37
23,23,33
76,76,67
29,29,29
57,57,0
75,75,37
32,32,67
25,10,10
96,96,52
56,56,25
49,49,40
8,8,63
19,31,31
98,30,30
39,39,0
71,71,12
46,46,98
3,15,15
41,18,18
64,64,7
37,17,17
8,8,48
13,13,81
99,78,78
31,31,14
35,11,11
52,52,76
73,65,65
89,84,84
2,2,63
54,6,6
97,97,8
73,73,95
95,12,12
1,1,16
12,27,27
0,57,57
51,4,4
23,23,60
73,30,30
72,4,4
83,53,53
74,38,38
1,1,13
12,12,13
38,38,37
51,51,45
29,19,19
77,26,26
44,44,26
18,32,32
10,10,92
16,65,65
43,15,15
0,0,92
7,7,45
70,62,62
17,17,37
3,72,72
6,79,79
83,83,70
65,4,4
0,0,83
46,45,45
85,40,40
62,62,82
18,18,42
81,37,37
40,40,78
48,48,48
4,80,80
2,65,65
21,21,11
24,24,50
95,95,30
53,53,62
89,89,58
50,97,97
35,46,46
98,35,35
32,32,98
58,58,84
97,65,65
56,56,28
78,78,22
60,60,68
79,7,7
84,2,2
28,28,28
46,35,35
90,90,37
43,43,42
9,9,41
42,88,88
84,33,33
59,52,52
27,27,97
17,17,97
62,92,92
23,23,40
31,52,52
11,11,54
48,48,8
82,62,62
87,76,76
28,2,2
14,18,18
99,99,5
13,13,86
66,97,97
35,35,40
42,72,72
20,20,70
2,35,35
16,9,9
68,68,14
23,23,49
93,93,11
79,79,54
87,87,22
41,41,41
2,35,35
96,42,42
39,39,86
49,49,68
57,57,98
96,59,59
12,12,76
38,38,32
65,65,41
39,39,42
93,30,30
83,83,74
32,10,10
19,19,14
8,8,84
53,53,83
69,69,76
72,67,67
23,23,49
29,45,45
43,43,95
88,89,89
11,11,98
96,96,33
62,62,35
54,79,79
2,11,11
73,73,67
34,34,88
48,48,89
34,34,38
34,34,48
94,94,16
88,88,99
67,72,72
71,71,60
97,38,38
7,7,24
35,2,2
77,2,2
95,95,30
44,91,91
45,45,5
27,27,44
80,80,38
84,84,40
99,99,78
52,52,18
92,92,70
70,51,51
16,16,86
88,88,72
25,25,31
58,58,9
79,79,18
54,54,57
73,73,67
50,36,36
47,52,52
51,2,2
78,78,52
26,45,45
50,74,74
17,68,68
86,86,46
72,32,32
87,84,84
34,19,19
47,52,52
25,5,5
72,27,27
29,29,15
95,95,26
86,94,94
92,62,62
78,78,29
3,3,21
28,28,51
58,58,13
66,74,74
78,54,54
38,15,15
22,78,78
66,66,75
95,95,95
45,93,93
97,97,24
65,91,91
54,14,14
71,12,12
70,54,54
80,50,50
85,85,5
28,40,40
41,41,41
71,71,60
64,64,74
75,75,88
90,81,81
7,7,24
37,17,17
23,23,49
54,8,8
84,88,88
86,14,14
8,8,90
22,22,10
51,51,5
75,75,34
26,26,88
11,2,2
3,72,72
46,46,11
64,74,74
92,92,62
55,46,46
39,39,26
66,85,85
86,86,3
85,85,96
0,0,70
8,84,84
27,27,26
57,57,1
13,81,81
94,94,51
40,9,9
61,61,10
94,94,20
17,17,68
11,11,32
1,1,27
4,55,55
49,49,76
77,55,55
0,0,0
1,93,93
80,80,38
48,48,41
39,39,15
55,55,19
38,80,80
12,12,69
35,35,26
12,12,37
78,14,14
87,92,92
11,35,35
0,0,0
95,95,88
90,90,77
10,10,67
88,25,25
10,10,94
97,97,34
48,58,58
63,63,26
51,51,88
52,59,59
47,96,96
85,12,12
69,95,95
65,85,85
81,37,37
30,95,95
51,51,84
69,69,23
28,23,23
4,4,79
31,33,33
97,97,10
48,95,95
64,64,65
80,64,64
0,0,61
0,0,28
5,9,9
45,45,84
13,81,81
90,90,31
85,32,32
56,56,90
51,72,72
34,3,3
44,18,18
91,91,24
85,85,58
56,56,30
10,84,84
46,35,35
93,93,73
77,77,80
81,81,90
82,82,92
18,44,44
66,66,51
56,56,96
49,49,76
0,0,83
70,1,1
63,63,8
99,99,9
14,74,74
5,5,20
26,26,65
24,24,15
86,86,39
64,15,15
55,55,79
1,1,72
94,94,94
74,74,78
6,6,65
25,25,13
52,47,47
90,81,81
5,5,12
40,40,61
41,41,58
49,73,73
76,76,9
19,19,15
44,12,12
49,49,4
57,57,83
85,85,97
63,63,4
91,91,91
63,63,97
94,94,5
55,77,77
59,59,14
21,21,91
59,17,17
47,47,51
31,29,29
60,60,68
44,78,78
25,25,90
11,11,63
97,97,62
96,96,59
3,55,55
46,98,98
85,85,47
56,56,39
34,43,43
50,95,95
41,41,16
87,98,98
38,97,97
83,83,96
45,29,29
77,51,51
15,15,92
47,47,96
68,68,68
46,11,11
87,5,5
61,22,22
69,69,67
49,49,76
86,86,22
89,19,19
36,36,3
59,59,37
67,73,73
54,35,35
72,72,4
3,55,55
62,26,26
60,33,33
97,97,66
40,57,57
69,69,69
4,4,67
94,94,83
65,38,38
39,39,26
87,87,12
48,48,8
93,65,65
38,80,80
67,95,95
26,77,77
1,27,27
10,10,67
41,41,14
47,47,76
78,99,99
87,87,94
13,13,58
11,11,35
57,57,57
45,27,27
39,73,73
8,8,8
55,80,80
21,3,3
65,90,90
97,97,28
90,90,60
98,2,2
63,74,74
78,78,44
44,44,42
44,18,18
15,15,39
53,57,57
97,89,89
13,85,85
9,16,16
75,75,27
73,73,91
84,84,15
84,91,91
48,86,86
12,12,88
25,25,37
7,79,79
90,81,81
7,7,65
55,55,63
90,76,76
86,87,87
67,67,15
54,54,62
77,91,91
60,60,60
9,9,6
54,54,62
34,34,72
68,68,81
25,25,0
71,71,23
20,20,20
89,89,58
24,44,44
84,5,5
4,4,67
59,59,47
26,14,14
18,18,27
37,37,4
98,98,2
64,15,15
74,80,80
94,94,84
5,5,2
43,29,29
97,97,58
23,23,49
93,93,23
15,89,89
17,17,37
1,1,50
58,90,90
31,29,29
8,44,44
45,91,91
28,28,6
23,23,49
19,19,19
88,88,86
87,87,13
82,82,82
26,26,10
33,33,57
63,33,33
16,28,28
13,13,6
91,91,87
76,76,2
76,76,93
38,38,88
10,35,35
70,92,92
17,17,13
78,78,21
56,56,79
75,75,66
57,0,0
79,79,90
90,49,49
38,27,27
51,51,53
27,27,43
71,71,23
96,96,59
6,6,63
40,40,51
51,6,6
47,47,96
37,37,13
41,41,41
66,64,64
67,67,11
41,41,26
82,82,92
14,14,24
23,12,12
6,6,14
98,98,11
11,11,54
7,7,18
65,4,4
64,64,4
40,0,0
15,15,36
1,1,81
29,29,20
38,55,55
75,14,14
40,10,10
31,31,17
60,60,31
79,79,26
63,63,34
6,6,82
36,50,50
31,17,17
21,21,11
52,52,13
71,71,15
1,1,16
61,36,36
34,34,81
34,34,14
77,77,31
35,11,11
37,76,76
7,7,97
70,70,52
20,20,87
93,93,29
41,41,10
92,83,83
87,87,58
46,32,32
30,95,95
30,30,72
46,46,11
85,85,90
32,32,4
14,14,48
51,51,62
24,24,7
5,5,32
49,49,71
61,35,35
89,89,58
48,48,16
98,46,46
7,7,99
94,94,36
37,37,41
94,94,54
94,94,13
52,47,47
11,11,36
61,61,40
41,85,85
50,50,38
84,84,4
76,76,30
18,18,55
64,64,2
80,31,31
62,62,29
11,35,35
41,41,9
69,69,76
34,34,66
2,32,32
45,29,29
62,62,50
87,94,94
99,67,67
45,45,29
2,11,11
27,27,15
91,78,78
19,3,3
56,56,81
20,20,20
92,70,70
54,54,1
75,75,75
9,81,81
83,57,57
27,55,55
95,95,86
49,60,60
14,79,79
2,2,87
43,43,75
96,33,33
95,30,30
66,64,64
81,81,31
9,9,54
44,44,85
99,78,78
87,87,85
79,79,11
11,11,16
59,37,37
18,78,78
62,67,67
96,96,52
94,25,25
49,49,57
47,59,59
72,21,21
26,26,33
71,71,23
76,76,67
21,21,27
81,81,13
30,30,4
99,78,78
64,64,36
92,83,83
0,0,10
6,44,44
74,50,50
82,82,82
13,13,44
69,69,12
8,8,63
3,3,15
74,74,78
89,34,34
11,35,35
16,61,61
92,92,62
79,66,66
86,86,87
72,3,3
95,95,32
38,97,97
42,50,50
65,65,11
61,13,13
68,68,76
17,17,37
41,85,85
49,49,96
20,20,20
4,31,31
75,75,44
48,92,92
13,13,58
60,60,68
67,80,80
62,62,92
17,17,84
37,13,13
32,32,19
59,59,96
59,59,17
38,38,67
70,92,92
79,79,9
11,46,46
49,49,98
44,44,91
0,0,83
26,6,6
45,45,27
48,48,48
1,1,58
33,33,60
57,57,0
10,45,45
37,17,17
97,97,66
44,44,57
43,50,50
63,63,38
55,4,4
37,37,16
20,44,44
49,49,5
19,19,79
16,16,87
26,78,78
21,21,34
79,67,67
40,40,51
68,68,71
74,97,97
95,67,67
46,46,2
94,94,36
68,68,76
13,13,89
22,26,26
83,14,14
46,2,2
74,50,50
35,35,36
60,87,87
11,35,35
21,21,15
34,38,38
39,39,66
65,65,4
13,81,81
20,20,84
21,21,97
99,78,78
68,68,90
88,88,93
93,63,63
49,49,96
69,69,76
17,17,59
55,73,73
81,13,13
63,31,31
14,21,21
73,99,99
17,17,58
13,13,58
95,95,30
99,57,57
61,65,65
24,24,7
22,22,87
23,39,39
94,94,46
33,33,49
90,90,77
8,8,46
68,68,60
52,52,29
20,20,20
64,63,63
54,54,6
53,53,10
3,64,64
4,4,96
88,65,65
53,53,36
27,27,25
5,10,10
47,47,94
97,65,65
5,5,74
35,2,2
71,71,49
54,54,6
54,54,54
17,17,64
56,56,96
54,54,70
15,15,34
69,69,76
65,65,19
24,24,7
42,88,88
8,8,61
72,44,44
77,77,35
75,75,89
66,97,97
93,73,73
94,94,84
27,91,91
98,35,35
75,75,97
44,78,78
37,37,55
8,8,5
10,10,91
84,84,3
72,77,77
34,34,41
37,37,5
2,2,63
86,86,50
20,20,20
90,49,49
49,49,84
95,95,30
29,29,84
34,34,42
46,11,11
43,43,55
72,72,69
18,18,45
51,51,9
87,87,22
18,91,91
41,14,14
93,44,44
72,72,34
95,30,30
19,19,31
34,36,36
42,44,44
79,79,19
79,79,24
17,37,37
73,73,67
97,97,93
45,88,88
97,38,38
29,44,44
86,80,80
29,37,37
0,0,0
19,97,97
12,12,20
91,91,27
75,75,91
97,97,78
50,36,36
13,13,81
61,61,0
74,50,50
85,85,81
29,12,12
67,36,36
50,98,98
43,43,44
50,50,32
3,3,74
25,25,63
13,13,13
50,50,36
56,56,96
60,60,37
30,95,95
61,10,10
34,34,88
84,87,87
1,1,57
58,58,9
35,35,92
4,27,27
77,77,7
42,42,64
22,86,86
87,12,12
38,38,46
11,46,46
9,9,73
32,32,77
12,12,17
50,65,65
8,48,48
96,96,59
61,61,36
9,76,76
43,88,88
9,9,9
58,58,81
92,92,70
32,15,15
32,32,13
25,5,5
0,0,83
34,15,15
75,75,93
68,68,98
27,72,72
15,15,91
0,53,53
38,31,31
10,10,25
3,31,31
44,97,97
30,67,67
43,89,89
59,15,15
50,65,65
40,28,28
67,1,1
76,87,87
49,49,96
98,11,11
57,57,0
16,16,87
56,56,6
84,84,9
75,75,44
50,50,46
90,81,81
10,10,1
83,83,16
22,25,25
59,59,47
93,93,49
36,11,11
51,51,84
6,6,91
74,27,27
82,82,82
1,1,55
97,63,63
12,12,90
79,59,59
49,49,64
94,94,16
39,39,10
25,25,94
98,98,11
10,31,31
58,58,13
79,79,7
54,38,38
64,64,38
1,1,37
24,24,7
46,46,98
51,80,80
45,2,2
70,54,54
29,74,74
96,96,37
2,2,98
7,24,24
95,55,55
27,27,18
83,83,53
89,89,17
7,4,4
52,49,49
24,7,7
49,49,65
5,5,84
80,80,29
53,53,77
75,75,43
55,72,72
14,75,75
15,31,31
69,69,39
51,40,40
24,24,93
19,19,86
2,2,28
68,68,81
24,77,77
75,75,81
75,75,81
41,41,41
13,81,81
44,91,91
41,45,45
31,31,78
74,38,38
18,18,96
43,43,1
0,0,7
13,45,45
15,15,3
7,14,14
17,17,85
83,57,57
92,92,54
79,79,18
34,34,6
74,74,35
86,86,86
20,20,5
50,50,36
72,72,15
14,14,74
86,40,40
88,88,5
98,98,29
4,55,55
77,77,97
1,1,1
79,9,9
12,12,86
87,87,86
78,18,18
65,65,36
1,1,54
59,52,52
48,48,0
83,83,39
58,58,13
13,85,85
56,56,96
94,94,9
50,50,32
13,13,20
55,38,38
97,97,66
10,10,26
7,7,44
21,3,3
19,19,62
22,22,10
54,92,92
75,75,32
75,75,66
27,73,73
5,57,57
75,75,95
6,6,81
75,75,21
35,2,2
19,19,66
79,18,18
48,48,89
18,27,27
12,12,71
32,20,20
3,55,55
60,60,23
65,38,38
85,12,12
77,57,57
43,43,36
65,80,80
85,85,17
96,96,47
98,9,9
66,66,3
62,62,26
73,95,95
83,7,7
65,65,38
58,58,72
12,18,18
19,8,8
38,69,69
27,69,69
81,81,13
21,21,98
29,29,29
51,34,34
58,58,81
88,97,97
89,72,72
5,5,81
15,57,57
10,10,0
37,37,66
95,95,99
50,50,12
30,69,69
74,25,25
98,35,35
33,63,63
40,40,51
50,92,92
52,47,47
14,6,6
63,63,19
72,63,63
53,53,53
91,91,37
81,81,13
73,65,65
16,16,43
32,10,10
90,90,44
33,33,56
52,52,47
41,41,54
11,46,46
38,80,80
14,67,67
56,56,86
43,34,34
80,34,34
65,38,38
46,46,11
92,92,70
52,52,56
75,75,75
78,78,75
60,60,49
70,70,62
36,16,16
19,72,72
2,2,98
8,8,35
61,61,1
55,15,15
24,24,6
47,45,45
30,30,95
70,70,92
25,25,5
7,7,46
28,25,25
67,67,72
53,53,39
28,28,30
11,35,35
54,54,6
74,44,44
66,66,15
41,41,45
4,4,43
95,72,72
47,47,51
52,52,96
59,96,96
68,37,37
21,21,32
13,16,16
62,92,92
58,58,89
92,7,7
18,18,14
24,24,32
30,30,95
78,78,99
14,41,41
86,86,11
78,18,18
76,76,26
68,68,71
56,56,21
70,70,92
31,93,93
97,97,66
72,77,77
7,6,6
84,40,40
43,43,18
61,61,25
33,33,68
42,42,99
89,89,25
42,42,39
38,50,50
92,92,26
24,44,44
49,49,60
7,7,43
52,52,59
66,66,97
99,99,87
96,4,4
34,34,74
14,6,6
11,46,46
92,92,53
29,29,34
4,4,10
3,3,74
55,63,63
61,10,10
90,33,33
94,94,11
29,29,19
90,39,39
43,55,55
21,21,11
66,66,88
57,57,18
25,5,5
37,37,56
0,0,10
1,1,92
56,40,40
30,95,95
80,80,55
93,93,27
8,8,25
23,50,50
98,29,29
64,55,55
69,71,71
68,68,5
72,72,30
1,51,51
35,11,11
92,16,16
22,39,39
52,52,47
90,90,85
91,1,1
37,59,59
71,71,23
27,91,91
89,89,85
28,28,59
56,44,44
0,14,14
79,97,97
20,20,5
18,83,83
39,18,18
79,79,84
45,44,44
96,96,26
68,68,35
24,95,95
0,0,78
42,43,43
81,90,90
80,72,72
81,13,13
87,87,35
33,60,60
9,9,70
46,62,62
59,96,96
7,7,27
64,50,50
70,70,83
25,25,33
46,46,40
89,89,90
93,14,14
58,58,91
37,37,88
91,91,91
3,74,74
57,57,9
75,75,46
5,25,25
80,80,77
70,70,92
64,21,21
34,38,38
22,13,13
54,54,7
34,34,14
32,32,74
9,72,72
31,31,2
77,80,80
43,43,42
33,33,96
79,65,65
63,63,69
63,21,21
1,1,65
99,99,78
27,93,93
12,33,33
74,74,89
93,93,16
20,20,24
60,60,25
66,85,85
40,40,28
59,33,33
92,92,31
46,37,37
47,96,96
52,52,96
89,89,81
6,7,7
93,93,1
94,94,18
54,54,99
15,17,17
96,96,38
79,29,29
49,49,12
13,37,37
41,41,41
14,50,50
30,30,23
76,76,49
21,55,55
82,82,13
52,52,47
79,90,90
4,64,64
46,46,2
14,14,42
43,43,97
32,32,62
34,19,19
83,57,57
13,13,5
19,15,15
31,15,15
67,67,95
0,0,92
95,65,65
32,32,35
33,71,71
71,23,23
8,8,79
64,65,65
53,53,83
47,96,96
22,90,90
30,30,95
22,22,93
7,7,24
84,5,5
56,56,33
92,92,51
30,95,95
23,76,76
63,67,67
22,51,51
57,61,61
24,24,45
23,67,67
32,35,35
72,30,30
82,82,40
64,50,50
43,65,65
13,13,58
98,35,35
26,26,83
55,4,4
83,0,0
12,12,13
76,76,67
47,52,52
24,24,24
92,70,70
40,30,30
86,86,10
39,39,25
31,31,50
37,37,58
71,71,29
39,31,31
72,72,67
87,87,86
17,17,12
13,17,17
39,39,39
35,35,91
54,54,63
88,88,55
1,1,26
61,61,22
24,24,7
69,69,59
4,4,38
9,9,84
98,35,35
74,50,50
58,85,85
76,76,3
96,53,53
4,4,21
84,5,5
30,95,95
88,42,42
79,79,21
5,50,50
10,10,98
33,47,47
54,78,78
36,80,80
46,98,98
6,6,14
46,46,35
86,86,22
39,85,85
83,57,57
77,78,78
69,69,79
65,80,80
14,22,22
33,33,91
61,61,99
35,46,46
20,20,32
9,9,98
37,37,17
63,93,93
82,82,6
46,13,13
72,55,55
77,77,21
16,16,48
64,64,42
46,46,98
23,23,71
22,22,10
75,75,74
78,78,15
46,12,12
10,10,91
85,85,52
7,80,80
68,68,12
31,31,74
91,91,51
28,61,61
58,58,85
55,80,80
91,91,91
19,19,31
59,32,32
44,44,18
98,35,35
27,27,99
34,80,80
17,17,58
25,20,20
58,58,85
29,29,2
85,37,37
85,85,2
25,20,20
35,84,84
12,81,81
8,81,81
34,89,89
16,16,16
86,22,22
48,48,8
49,49,90
15,43,43
55,27,27
53,53,0
99,60,60
66,66,8
26,40,40
88,33,33
64,3,3
87,87,86
41,75,75
17,17,97
40,19,19
6,6,92
55,21,21
8,48,48
95,95,39
94,5,5
3,63,63
2,92,92
56,56,89
66,66,61
4,4,65
68,68,60
11,11,98
20,20,87
49,49,17
23,23,49
72,72,51
16,16,37
0,0,57
86,86,87
59,59,47
93,65,65
48,48,89
40,40,81
33,80,80
17,12,12
52,52,76
54,92,92
94,94,84
87,87,16
77,80,80
79,44,44
5,5,31
91,91,76
28,84,84
30,67,67
7,7,79
25,65,65
42,18,18
75,75,75
31,31,28
14,7,7
94,94,0
57,57,1
63,64,64
81,13,13
4,24,24
99,78,78
45,25,25
32,32,76
11,11,66
9,9,0
59,96,96
81,81,14
40,40,70
48,8,8
6,6,26
98,46,46
70,0,0
93,93,26
0,0,57
14,14,14
49,49,23
51,51,91
4,21,21
14,75,75
42,80,80
80,65,65
68,37,37
78,99,99
47,47,29
31,31,21
62,62,6
62,70,70
90,90,98
8,8,63
9,81,81
51,51,91
91,91,85
80,38,38
79,79,54
22,81,81
18,18,79
61,61,63
62,53,53
54,54,92
34,34,38
42,42,77
33,12,12
16,11,11
99,99,24
99,30,30
27,27,31
13,13,50
39,39,39
56,56,86
53,53,70
82,82,47
48,48,41
76,76,18
82,82,83
49,49,23
40,40,58
58,58,81
58,58,81
28,92,92
37,37,17
38,64,64
93,38,38
68,68,8
13,13,81
42,42,14
35,11,11
68,68,71
47,47,52
13,81,81
91,1,1
53,53,0
23,23,95
29,29,63
89,13,13
35,2,2
43,43,66
62,62,84
15,15,31
9,9,9
97,55,55
15,39,39
44,44,18
75,75,27
84,87,87
33,76,76
41,41,75
6,7,7
71,71,67
78,27,27
17,17,8
76,76,68
78,21,21
88,88,61
49,49,12
35,35,46
54,51,51
86,86,5
12,90,90
74,4,4
80,67,67
33,33,91
49,49,23
5,25,25
63,3,3
78,78,61
41,48,48
36,36,66
37,87,87
66,66,17
98,16,16
76,76,49
8,8,96
13,13,81
53,53,78
87,87,16
19,19,97
38,98,98
18,18,63
32,32,57
88,16,16
4,72,72
78,78,99
99,78,78
75,55,55
21,21,85
74,3,3
97,97,77
75,75,99
64,2,2
52,59,59
94,94,39
10,61,61
34,34,3
14,6,6
21,63,63
61,63,63
1,1,87
80,80,65
21,21,3
81,81,24
98,98,64
69,69,61
52,47,47
63,77,77
20,20,20
91,91,27
68,68,12
64,50,50
76,76,76
5,84,84
9,9,48
43,43,31
49,49,30
55,30,30
55,44,44
32,32,11
83,83,61
42,42,29
58,85,85
44,91,91
48,48,89
15,38,38
48,41,41
17,17,37
28,28,61
35,98,98
11,35,35
15,17,17
21,21,87
81,81,95
59,59,91
14,14,53
37,13,13
75,75,66
2,2,3
10,22,22
19,4,4
58,58,88
90,90,85
43,43,72
3,31,31
71,71,34
23,23,33
28,28,26
68,68,12
80,17,17
61,78,78
87,87,22
25,25,85
89,41,41
42,43,43
74,74,32
91,91,32
47,47,52
5,5,25
22,2,2
6,6,13
58,13,13
91,27,27
61,61,40
91,91,98
71,71,21
74,74,36
82,82,24
66,64,64
30,30,95
47,47,36
38,38,28
45,78,78
54,54,51
48,48,66
13,58,58
85,85,75
3,21,21
28,9,9
21,21,72
44,44,79
27,27,99
0,57,57
8,8,16
28,28,10
27,30,30
98,98,11
48,41,41
81,13,13
36,36,2
29,63,63
86,41,41
19,88,88
82,53,53
89,32,32
35,98,98
13,81,81
42,42,34
60,68,68
69,69,49
12,68,68
89,89,16
50,26,26
24,24,77
49,49,68
12,12,95
71,71,60
25,94,94
71,71,60
46,98,98
14,7,7
88,88,42
64,74,74
13,81,81
25,25,20
11,98,98
44,44,29
17,17,56
18,18,54
74,74,75
75,19,19
14,18,18
42,33,33
83,83,0
60,60,90
30,30,19
57,57,0
94,94,84
48,48,95
75,75,32
15,3,3
51,51,80
93,93,65
93,93,30
41,45,45
52,52,47
52,52,59
12,71,71
64,36,36
87,87,69
99,99,78
86,86,76
5,5,45
42,42,79
71,23,23
64,4,4
99,99,78
49,59,59
22,22,26
52,96,96
59,96,96
5,5,20
60,60,68
71,71,49
72,80,80
74,74,75
19,3,3
56,56,59
24,24,32
30,30,81
76,76,49
15,15,43
39,70,70
16,16,48
21,21,65
15,15,81
38,38,88
30,72,72
55,72,72
98,32,32
25,25,14
40,38,38
82,82,62
3,3,14
67,67,93
47,52,52
71,71,60
52,52,96
47,47,52
60,33,33
55,40,40
16,87,87
61,61,79
36,36,83
90,90,6
32,25,25
21,21,98
30,73,73
78,77,77
43,43,47
81,81,58
88,42,42
49,49,86
96,33,33
10,53,53
95,73,73
33,96,96
15,80,80
85,85,3
89,89,81
79,79,57
26,26,46
18,80,80
97,97,59
14,14,11
15,65,65
16,16,81
75,75,29
6,80,80
92,53,53
88,88,8
64,65,65
54,57,57
71,71,49
6,6,18
96,96,47
8,8,48
67,73,73
0,0,28
78,44,44
92,40,40
57,57,0
66,66,75
48,48,7
67,42,42
60,60,71
89,89,88
16,16,58
42,80,80
58,58,81
61,22,22
22,22,10
75,75,16
37,37,13
3,55,55
60,60,68
9,9,95
27,27,12
83,83,97
89,80,80
42,34,34
88,88,3
44,83,83
2,2,46
62,62,57
94,94,40
32,50,50
95,95,30
66,64,64
8,59,59
40,28,28
44,44,66
45,45,93
26,29,29
48,48,6
87,94,94
59,59,52
35,35,46
61,10,10
64,64,88
43,26,26
25,25,54
48,48,41
45,45,92
36,36,34
29,7,7
51,63,63
76,76,49
74,3,3
61,61,22
56,56,43
55,50,50
44,44,77
50,78,78
8,78,78
27,27,45
22,43,43
61,61,28
77,77,70
85,85,30
95,95,28
78,99,99
0,0,0
80,65,65
26,78,78
33,87,87
49,97,97
51,51,81
36,36,46
98,2,2
39,90,90
76,76,32
95,95,72
31,65,65
45,11,11
27,42,42
60,60,23
3,3,21
51,51,48
94,94,0
67,67,29
6,6,79
62,62,70
98,2,2
28,16,16
26,26,45
61,61,61
29,29,15
64,64,85
95,95,34
4,4,97
42,42,19
17,17,48
99,92,92
30,73,73
86,86,84
83,83,78
78,78,99
25,23,23
50,50,80
97,97,15
67,27,27
52,52,96
28,28,81
44,45,45
28,40,40
22,32,32
5,5,20
35,16,16
37,49,49
66,3,3
88,89,89
95,73,73
1,1,91
57,78,78
12,12,13
44,78,78
97,97,3
78,26,26
7,7,92
94,94,33
85,85,13
48,48,89
16,16,66
85,85,16
63,74,74
59,59,47
70,92,92
62,62,83
58,58,85
54,92,92
60,60,68
9,9,16
44,44,18
23,49,49
71,71,95
10,18,18
89,89,62
31,19,19
67,1,1
56,56,22
42,38,38
70,48,48
73,73,4
43,43,45
43,43,91
86,86,20
15,15,8
24,24,7
84,20,20
42,42,34
60,60,81
48,48,89
19,19,92
93,93,71
16,22,22
30,27,27
13,12,12
21,3,3
78,78,97
68,95,95
48,32,32
56,59,59
74,74,38
42,42,43
20,20,24
14,98,98
78,78,66
62,62,92
76,76,94
42,38,38
28,10,10
74,74,63
78,78,28
28,28,22
27,44,44
51,51,19
83,83,40
48,48,72
79,79,84
67,73,73
43,79,79
90,81,81
18,93,93
40,99,99
88,88,61
15,15,78
89,89,41
0,0,0
80,51,51
95,55,55
59,96,96
67,76,76
57,57,0
64,63,63
55,72,72
72,72,4
39,39,95
1,14,14
14,14,12
10,10,46
40,40,76
66,66,89
32,32,15
11,11,83
4,80,80
54,54,63
14,80,80
15,15,51
84,84,15
7,7,63
15,15,19
70,92,92
45,45,51
28,28,86
27,91,91
36,36,1
31,31,3
80,80,87
16,16,5
59,59,16
6,6,22
19,19,29
87,87,22
15,15,47
81,87,87
25,51,51
98,35,35
2,35,35
68,68,18
47,52,52
18,18,36
66,97,97
66,64,64
17,37,37
65,65,6
90,81,81
98,35,35
45,80,80
76,76,77
95,95,34
5,5,57
89,89,13
69,69,76
57,92,92
60,71,71
95,95,30
16,16,46
7,7,78
52,52,84
6,6,7
7,24,24
67,67,75
60,60,60
67,63,63
52,59,59
2,35,35
94,94,97
25,25,5
23,23,71
58,58,13
65,42,42
38,97,97
85,85,25
48,48,89
82,82,47
21,21,3
55,55,67
69,69,10
39,67,67
12,12,13
29,27,27
5,5,33
17,17,76
87,86,86
78,80,80
70,70,72
30,30,93
87,65,65
94,94,5
75,75,95
44,14,14
73,10,10
67,63,63
62,62,26
41,41,41
1,62,62
16,22,22
85,13,13
80,80,31
29,8,8
44,22,22
69,69,93
26,26,74
46,46,21
20,20,20
7,7,24
93,72,72
63,63,66
53,53,22
40,59,59
37,37,99
33,33,32
76,49,49
48,48,32
63,63,88
84,84,5
31,31,19
54,54,92
28,28,98
72,80,80
34,34,6
47,96,96
63,63,38
54,54,92
35,35,98
93,72,72
61,61,13
2,46,46
51,55,55
7,7,63
59,37,37
68,68,16
81,13,13
81,81,13
39,39,70
13,13,90
37,37,90
35,35,37
81,81,12
51,37,37
18,6,6
4,4,3
23,23,39
93,55,55
94,94,84
77,77,66
47,47,26
51,57,57
5,20,20
90,13,13
86,40,40
48,48,89
96,96,30
23,23,67
79,6,6
13,58,58
98,98,40
71,71,67
60,60,71
62,62,14
39,39,45
68,68,49
52,52,96
14,70,70
21,66,66
15,2,2
77,77,7
94,94,2
73,73,91
70,70,83
59,59,56
55,30,30
76,76,27
72,72,30
3,28,28
18,25,25
0,0,0
99,61,61
24,24,7
56,56,90
0,0,92
82,82,83
72,4,4
37,37,81
20,20,20
54,54,62
11,11,13
9,9,22
86,72,72
65,65,36
78,78,46
22,84,84
48,48,7
1,1,91
33,72,72
77,57,57
49,76,76
89,89,17
36,36,11
42,66,66
20,20,16
2,11,11
32,65,65
87,87,55
71,71,23
36,36,46
95,91,91
27,27,23
36,36,50
54,54,57
92,44,44
88,42,42
6,6,36
31,38,38
54,93,93
32,32,98
58,58,13
10,10,84
64,64,4
93,4,4
3,3,29
55,90,90
49,13,13
56,56,40
33,96,96
99,99,78
62,92,92
34,34,1
53,53,57
17,17,58
93,72,72
66,66,16
0,0,83
58,58,85
4,87,87
37,12,12
1,93,93
58,58,81
66,66,97
58,37,37
88,36,36
39,25,25
40,9,9
82,82,7
68,68,5
4,64,64
55,98,98
65,64,64
72,15,15
13,81,81
17,17,37
30,30,72
67,59,59
50,50,65
1,1,83
59,59,56
73,40,40
58,58,41
90,13,13
56,56,96
44,18,18
16,16,11
32,32,76
15,51,51
90,85,85
99,78,78
56,29,29
40,40,40
63,63,97
22,22,51
2,65,65
14,92,92
72,72,3
76,76,42
73,73,30
2,2,35
79,79,45
5,5,25
39,49,49
12,12,77
43,43,93
91,91,51
97,97,6
80,80,11
65,74,74
62,62,14
33,42,42
86,57,57
66,3,3
24,44,44
62,62,92
49,49,68
30,30,67
24,24,7
73,39,39
31,63,63
55,55,95
59,59,56
46,46,98
11,2,2
20,84,84
83,83,57
80,80,74
38,38,88
30,30,23
93,72,72
65,93,93
41,41,41
0,0,83
35,97,97
54,54,92
9,9,11
16,37,37
87,82,82
81,81,90
12,12,94
49,23,23
60,60,87
81,81,90
89,89,29
42,97,97
51,51,40
36,36,9
59,59,91
92,32,32
7,7,92
94,94,84
80,80,15
56,56,59
37,37,0
63,65,65
74,80,80
46,31,31
34,34,42
88,43,43
85,85,13
24,18,18
28,16,16
56,56,12
51,33,33
41,41,41
62,62,83
7,7,77
6,6,4
38,38,81
26,93,93
22,22,87
52,59,59
32,32,91
70,62,62
28,28,10
96,96,11
44,73,73
57,15,15
13,13,81
47,47,1
8,8,21
73,30,30
17,17,37
14,1,1
18,18,6
91,91,30
82,1,1
19,43,43
57,57,9
71,71,60
16,16,9
54,54,51
7,7,64
52,52,47
26,64,64
50,50,93
81,81,13
74,74,26
50,74,74
74,74,19
71,71,23
85,85,14
8,8,63
31,31,26
28,28,40
17,17,12
26,26,6
10,40,40
93,93,78
16,16,28
0,0,10
37,17,17
26,26,1
71,71,49
34,34,37
50,36,36
99,99,99
44,44,21
58,58,81
16,9,9
8,58,58
34,92,92
35,11,11
86,25,25
41,41,85
0,0,83
19,19,73
44,44,90
46,15,15
6,6,82
42,42,99
62,70,70
73,67,67
31,3,3
73,93,93
62,77,77
97,97,64
97,64,64
0,0,0
57,57,57
19,55,55
46,2,2
53,53,57
69,69,12
47,52,52
13,13,17
84,2,2
67,67,3
43,43,40
80,80,15
59,52,52
20,20,25
76,76,71
65,65,49
79,79,9
99,99,61
62,62,83
58,58,81
55,55,18
26,64,64
1,1,87
46,46,32
90,81,81
66,66,44
69,16,16
39,39,47
71,60,60
88,67,67
6,50,50
51,51,31
34,34,15
31,19,19
80,93,93
67,1,1
78,78,99
84,84,69
23,23,49
23,71,71
68,68,60
74,55,55
78,78,46
78,45,45
86,89,89
1,77,77
61,10,10
2,6,6
72,72,30
32,93,93
64,64,98
43,43,78
60,60,68
27,44,44
62,92,92
91,91,67
81,90,90
64,50,50
35,35,36
32,15,15
91,91,78
85,85,76
70,92,92
28,16,16
59,85,85
22,22,61
43,42,42
35,98,98
9,65,65
74,50,50
84,84,20
72,3,3
81,81,12
95,95,78
16,98,98
25,86,86
12,12,95
24,24,6
61,61,40
50,77,77
9,69,69
8,16,16
20,20,24
11,25,25
49,49,17
0,92,92
55,63,63
31,3,3
18,18,69
35,35,11
23,23,69
47,47,70
47,59,59
30,30,95
88,88,55
32,46,46
40,18,18
97,91,91
17,17,37
81,81,25
76,76,67
62,62,41
39,39,19
72,30,30
95,95,37
9,9,18
30,55,55
86,92,92
98,98,2
48,48,59
11,35,35
88,88,85
9,9,51
88,88,42
21,21,97
36,65,65
55,72,72
82,82,82
40,40,61
47,47,84
10,40,40
61,57,57
92,92,62
93,30,30
15,15,2
54,54,62
88,88,72
33,31,31
35,35,55
39,39,75
70,70,54
15,15,65
36,65,65
94,94,16
70,83,83
96,59,59
70,70,92
92,70,70
16,40,40
3,31,31
86,49,49
71,25,25
42,80,80
99,99,99
16,16,86
46,21,21
28,40,40
98,98,2
42,34,34
17,52,52
89,89,90
14,14,7
57,57,70
81,81,62
74,80,80
4,27,27
10,10,87
81,12,12
40,46,46
49,49,85
29,29,20
87,22,22
58,58,13
36,36,72
65,65,95
83,92,92
10,61,61
34,97,97
12,12,94
5,25,25
17,17,33
29,29,29
80,38,38
80,80,0
6,6,29
65,65,54
9,9,9
55,55,85
38,38,10
88,21,21
28,28,34
43,43,32
57,57,53
50,4,4
99,99,9
20,20,42
0,0,53
32,32,1
90,90,89
70,92,92
14,88,88
31,31,21
88,88,65
56,56,45
23,23,71
71,49,49
4,4,88
11,11,42
4,4,8
39,60,60
66,21,21
96,96,71
63,4,4
13,37,37
39,39,39
27,55,55
31,31,19
84,84,5
7,24,24
37,37,78
18,18,91
43,43,27
96,96,47
2,46,46
6,6,36
59,65,65
78,97,97
19,19,31
39,81,81
97,97,66
6,6,65
39,39,22
77,51,51
74,74,75
52,52,96
5,25,25
61,61,28
21,21,31
20,20,86
50,50,32
65,65,34
48,48,72
39,39,32
14,14,26
74,74,36
36,88,88
12,12,13
93,95,95
43,31,31
51,51,26
79,79,51
78,78,93
6,6,57
4,4,38
36,80,80
32,67,67
25,5,5
97,97,74
94,87,87
34,34,44
34,34,36
59,56,56
22,22,8
16,16,94
70,92,92
9,83,83
25,5,5
77,72,72
74,50,50
17,17,13
28,16,16
47,47,52
43,15,15
13,13,87
50,50,9
97,64,64
49,49,95
78,78,61
68,68,28
99,99,22
52,59,59
28,40,40
80,45,45
43,19,19
23,54,54
23,23,9
55,23,23
74,31,31
87,87,94
50,45,45
5,85,85
51,84,84
63,77,77
2,45,45
57,57,15
99,99,61
53,53,83
85,81,81
74,4,4
72,95,95
75,55,55
94,94,39
95,95,30
40,40,1
33,97,97
49,49,38
64,89,89
8,39,39
37,19,19
0,2,2
86,5,5
9,69,69
51,51,21
40,40,59
9,9,57
39,39,51
70,70,87
96,96,56
44,21,21
62,62,92
32,17,17
61,16,16
35,98,98
8,8,99
2,2,43
66,66,81
66,66,34
46,35,35
73,99,99
56,56,90
20,20,20
95,95,93
68,68,16
52,96,96
94,63,63
22,22,22
9,9,54
23,23,67
11,11,32
55,55,63
44,80,80
47,93,93
20,20,20
17,17,49
11,2,2
73,30,30
96,96,47
60,60,87
28,28,51
10,10,26
0,0,0
10,25,25
31,31,77
44,51,51
29,29,6
24,24,7
23,23,71
52,52,76
60,60,17
81,81,48
57,57,0
52,52,96
87,87,16
27,27,37
22,22,86
83,61,61
22,10,10
40,1,1
56,56,79
1,1,26
45,26,26
29,29,40
60,71,71
65,55,55
7,7,66
88,34,34
48,48,89
8,45,45
29,2,2
18,18,27
71,68,68
80,44,44
55,55,30
80,80,38
73,93,93
27,33,33
5,5,25
69,57,57
46,98,98
64,78,78
42,42,36
90,90,89
52,47,47
1,27,27
39,39,39
39,25,25
86,86,94
75,75,57
2,2,98
36,36,40
13,37,37
57,25,25
30,30,3
74,74,15
85,65,65
33,33,93
6,6,31
3,31,31
72,72,23
54,54,26
47,29,29
91,73,73
71,71,23
7,44,44
98,98,11
69,12,12
56,47,47
14,14,42
50,50,43
37,37,17
40,40,87
97,97,66
72,27,27
88,35,35
10,10,11
75,75,28
83,83,16
74,74,92
66,66,94
52,52,96
52,52,59
86,94,94
66,66,27
24,24,7
69,69,56
41,41,41
13,81,81
39,39,36
5,84,84
61,61,28
48,48,14
44,44,78
23,23,71
38,38,45
44,80,80
64,50,50
30,30,95
2,2,46
54,54,62
12,12,60
21,21,95
56,56,59
72,55,55
93,18,18
46,98,98
73,73,95
47,59,59
89,48,48
24,24,7
52,59,59
75,75,19
20,20,47
67,44,44
92,70,70
96,52,52
5,5,58
63,63,87
39,5,5
67,65,65
45,44,44
67,72,72
2,35,35
79,18,18
76,76,69
27,27,26
81,81,90
89,89,17
83,83,45
60,60,28
48,48,78
2,32,32
2,2,63
30,30,93
2,98,98
21,21,55
82,82,82
90,27,27
94,94,84
74,63,63
71,73,73
75,75,51
79,79,6
42,42,61
75,75,99
14,18,18
89,89,58
50,50,32
83,83,70
42,80,80
67,67,23
81,81,13
73,1,1
52,52,37
17,17,37
76,76,68
5,5,74
42,22,22
68,69,69
13,13,58
37,37,17
94,94,36
92,54,54
0,0,83
48,48,48
15,3,3
15,15,31
39,39,78
40,65,65
82,60,60
31,31,19
94,94,13
99,78,78
68,68,33
52,52,47
19,15,15
4,4,36
54,0,0
89,89,90
40,40,96
27,90,90
97,66,66
14,14,8
93,93,86
66,63,63
74,55,55
26,26,44
36,36,21
9,9,9
66,66,74
44,44,46
59,59,47
33,33,59
79,79,43
63,55,55
97,11,11
43,43,45
48,48,81
78,50,50
25,25,91
32,32,58
18,7,7
40,40,56
44,78,78
80,80,65
16,16,28
45,77,77
45,45,93
12,12,91
99,99,69
18,18,45
6,6,54
41,41,89
46,46,35
69,69,67
18,18,52
44,44,81
34,34,66
32,32,93
30,30,26
9,9,69
72,78,78
85,85,37
15,15,8
92,62,62
5,5,25
71,71,69
52,59,59
56,52,52
88,88,43
22,22,16
64,98,98
31,19,19
63,72,72
14,66,66
56,56,40
99,99,99
72,93,93
22,22,61
20,20,25
67,66,66
57,78,78
93,72,72
29,29,93
72,72,65
91,91,32
64,63,63
36,36,3
22,22,61
49,49,60
26,26,80
84,29,29
47,59,59
34,34,62
85,85,81
9,9,28
22,22,64
29,29,67
39,16,16
32,11,11
94,94,36
93,80,80
25,39,39
18,4,4
53,53,53
12,12,37
27,27,19
10,77,77
99,26,26
88,88,21
16,39,39
91,73,73
78,78,24
7,74,74
72,55,55
12,68,68
97,97,72
37,68,68
86,25,25
87,87,1
57,92,92
36,65,65
35,46,46
44,44,84
57,57,53
27,99,99
31,3,3
3,80,80
26,26,27
7,14,14
96,96,26
39,39,8
43,15,15
34,34,38
89,95,95
48,48,26
56,56,93
18,18,31
45,83,83
92,92,62
97,74,74
8,8,37
18,18,96
66,55,55
81,81,5
37,12,12
51,51,15
10,10,28
77,0,0
97,66,66
33,33,47
60,60,23
43,43,35
10,61,61
50,74,74
31,31,19
84,5,5
49,49,19
78,40,40
24,24,7
68,68,94
98,98,11
58,58,96
51,51,58
93,55,55
36,80,80
74,65,65
78,78,31
55,50,50
50,92,92
25,25,5
65,64,64
86,86,58
35,35,98
33,49,49
92,70,70
37,59,59
71,71,86
61,61,91
5,5,20
79,96,96
71,71,23
20,20,26
59,59,44
67,67,17
28,28,40
76,76,76
31,81,81
50,27,27
62,83,83
9,9,79
4,98,98
54,54,31
38,8,8
11,46,46
59,52,52
84,84,5
63,80,80
66,80,80
35,35,46
52,52,47
73,73,91
87,87,87
62,62,84
15,15,3
11,11,98
59,59,56
20,20,20
47,52,52
96,49,49
26,64,64
36,36,65
35,35,98
77,77,65
38,74,74
24,24,7
2,2,77
17,17,62
36,36,64
80,80,65
74,74,32
41,41,41
32,32,82
23,23,25
76,76,67
44,44,67
91,91,30
21,21,77
81,81,37
53,62,62
55,55,21
47,96,96
79,73,73
19,89,89
31,29,29
82,82,62
64,50,50
3,78,78
49,49,23
35,35,63
97,97,63
58,58,27
43,43,40
20,20,29
86,86,80
22,22,10
32,32,20
18,18,45
53,53,53
60,60,71
36,36,92
83,83,25
18,18,66
32,32,7
66,66,77
99,26,26
51,51,38
35,35,98
69,69,9
28,28,12
11,35,35
22,22,61
49,49,8
21,21,34
93,93,28
1,1,54
55,72,72
51,88,88
55,27,27
51,51,17
67,44,44
92,54,54
76,76,40
52,47,47
31,31,15
82,82,62
75,75,90
61,61,10
55,55,88
90,90,7
78,78,75
34,34,57
87,87,76
39,99,99
85,85,58
70,92,92
2,2,98
14,14,95
45,78,78
1,16,16
95,55,55
90,90,78
64,64,65
55,80,80
12,12,25
91,73,73
47,47,62
2,11,11
99,78,78
79,99,99
13,16,16
8,8,28
84,46,46
27,27,84
11,2,2
71,71,37
21,21,77
28,28,42
8,45,45
55,72,72
67,74,74
75,75,87
40,40,51
17,37,37
4,42,42
95,95,30
63,50,50
51,51,84
48,48,41
65,79,79
6,6,74
39,33,33
39,5,5
42,84,84
49,50,50
14,14,89
83,83,57
23,23,27
78,78,99
47,47,29
81,13,13
41,41,58
76,76,37
99,78,78
97,97,34
24,15,15
24,24,9
76,76,16
57,57,57
80,74,74
16,3,3
44,91,91
54,54,70
92,92,0
30,73,73
4,4,19
2,35,35
1,45,45
39,39,16
98,38,38
90,89,89
74,74,46
81,81,48
74,74,38
64,31,31
42,38,38
59,47,47
69,85,85
67,77,77
66,66,34
10,10,16
52,52,59
22,65,65
11,46,46
69,69,25
39,39,5
15,15,4
77,55,55
36,36,34
23,23,69
41,41,41
94,94,84
45,45,66
17,17,81
14,1,1
62,70,70
9,76,76
4,50,50
37,37,5
13,81,81
77,7,7
69,69,95
72,77,77
22,22,61
75,75,75
45,26,26
3,23,23
8,48,48
24,24,24
28,92,92
4,4,97
57,77,77
10,10,31
2,2,40
0,0,83
89,89,26
7,7,79
94,94,84
68,33,33
66,66,21
17,17,37
5,25,25
90,90,22
77,77,66
34,65,65
77,77,9
26,26,65
35,2,2
52,52,47
70,70,92
29,29,15
94,94,19
37,37,35
83,83,57
40,40,11
0,0,57
92,92,70
96,96,52
4,4,45
78,78,99
80,5,5
6,6,92
85,85,50
59,59,47
96,59,59
8,8,3
70,93,93
62,62,92
25,25,20
22,18,18
1,46,46
82,56,56
93,93,14
82,82,62
96,52,52
70,92,92
8,8,14
19,19,89
67,67,73
4,74,74
86,87,87
19,31,31
17,80,80
32,32,26
38,65,65
57,57,10
84,5,5
10,10,0
40,20,20
12,37,37
33,33,55
94,94,93
68,68,71
8,8,48
89,89,37
69,69,28
95,95,21
43,43,67
60,60,96
11,87,87
0,70,70
12,12,9
90,90,81
2,2,11
54,54,9
45,45,11
65,36,36
50,80,80
3,38,38
68,80,80
17,17,74
35,98,98
81,81,13
32,85,85
9,9,9
99,99,12
77,77,38
84,84,32
22,22,61
30,91,91
23,23,88
36,36,11
73,73,57
80,36,36
92,62,62
92,62,62
31,4,4
9,9,69
86,16,16
91,91,91
26,26,99
85,17,17
30,30,81
12,86,86
54,54,41
39,37,37
76,49,49
45,84,84
67,67,92
51,51,35
57,67,67
19,15,15
48,48,8
81,48,48
55,6,6
38,38,15
27,25,25
54,34,34
81,81,58
84,15,15
0,0,10
64,50,50
42,42,77
77,77,7
52,52,96
92,54,54
82,6,6
12,71,71
89,89,33
53,53,70
21,21,86
18,18,91
92,92,0
36,36,43
44,44,36
35,35,74
31,31,91
62,62,92
41,25,25
65,79,79
28,28,11
20,20,84
92,70,70
33,96,96
21,3,3
86,41,41
72,21,21
18,44,44
56,56,64
88,88,3
76,76,1
71,71,67
48,89,89
12,12,35
45,45,83
60,60,71
99,78,78
84,40,40
24,24,20
37,37,58
86,16,16
76,49,49
84,84,64
51,51,19
60,60,71
97,97,78
29,97,97
65,65,93
88,43,43
7,7,8
83,9,9
59,59,47
96,96,56
53,53,57
32,32,67
79,7,7
87,87,16
33,77,77
46,46,11
22,39,39
38,27,27
47,52,52
24,24,36
3,21,21
54,70,70
85,85,61
65,25,25
75,75,72
4,3,3
80,80,63
76,76,85
92,92,89
84,72,72
61,61,38
31,50,50
66,38,38
39,39,78
29,44,44
35,97,97
91,91,93
64,57,57
7,7,79
80,33,33
96,96,13
89,89,13
83,83,0
32,32,1
1,73,73
85,81,81
75,19,19
9,9,16
25,25,13
87,87,58
59,59,51
38,38,63
82,82,92
27,55,55
6,6,82
26,80,80
34,34,65
14,14,5
14,14,2
46,46,54
70,70,8
17,37,37
84,25,25
97,97,3
49,71,71
69,69,35
59,59,96
50,4,4
86,86,39
61,2,2
40,62,62
66,66,15
50,4,4
29,29,38
49,49,76
26,45,45
53,53,53
73,30,30
85,85,5
46,46,40
81,13,13
25,84,84
68,36,36
71,95,95
14,1,1
87,87,99
37,81,81
86,86,25
72,91,91
28,28,21
93,93,45
62,62,1
72,15,15
41,41,62
98,11,11
51,34,34
46,46,36
36,36,4
20,20,87
57,57,19
1,1,7
96,96,79
16,32,32
38,38,93
59,59,52
85,90,90
95,91,91
23,23,10
14,14,42
53,57,57
50,50,74
2,2,25
9,9,35
42,88,88
21,21,77
12,12,85
73,73,3
29,29,55
81,22,22
63,2,2
64,63,63
89,89,85
97,97,91
63,63,11
84,16,16
84,9,9
6,29,29
3,34,34
9,69,69
44,4,4
7,24,24
39,39,94
1,1,73
68,68,60
83,62,62
71,71,60
69,69,29
84,84,64
23,99,99
51,77,77
40,40,9
63,63,21
17,17,49
31,31,19
48,48,48
48,48,40
2,2,93
50,44,44
66,66,84
98,48,48
44,44,90
12,12,81
14,83,83
56,49,49
58,13,13
70,70,62
85,85,13
70,70,92
94,94,53
41,41,78
97,64,64
5,5,10
80,80,63
15,15,44
62,62,92
2,2,14
58,58,5
56,59,59
13,90,90
72,55,55
97,4,4
25,20,20
87,25,25
19,19,86
92,70,70
24,79,79
34,3,3
93,27,27
45,45,0
78,48,48
68,68,12
89,75,75
31,31,21
73,72,72
85,21,21
50,65,65
95,95,49
80,80,25
96,96,47
76,76,76
32,19,19
77,77,27
19,19,51
59,52,52
84,84,28
48,48,41
10,32,32
32,65,65
98,98,36
33,33,97
69,69,28
14,14,6
69,69,76
36,50,50
72,72,13
65,65,92
94,94,5
86,86,12
64,32,32
16,16,94
90,90,13
56,56,96
4,4,38
96,57,57
83,83,34
71,60,60
51,51,19
41,98,98
65,32,32
61,10,10
63,32,32
96,33,33
62,62,70
85,85,58
74,74,88
57,57,44
23,23,78
20,20,77
38,38,93
15,15,19
25,54,54
72,77,77
62,62,70
37,37,15
62,92,92
15,15,29
47,47,96
75,75,16
26,62,62
28,28,57
27,27,60
37,32,32
58,58,81
46,9,9
48,48,48
52,47,47
79,79,37
71,71,12
7,7,24
60,60,82
60,60,6
38,38,67
49,49,76
62,83,83
0,0,83
19,19,15
46,46,36
90,87,87
5,25,25
22,22,87
34,4,4
75,7,7
41,41,58
65,65,98
51,51,8
65,3,3
46,46,11
1,46,46
14,77,77
17,17,16
65,36,36
98,83,83
45,6,6
14,83,83
90,89,89
35,84,84
30,30,90
8,8,8
21,21,38
28,28,10
18,65,65
65,99,99
32,15,15
34,34,72
48,48,42
75,75,30
29,29,78
92,62,62
76,76,59
30,30,95
93,91,91
4,3,3
37,37,84
82,82,78
9,9,22
11,11,2
54,54,54
8,8,39
43,42,42
67,32,32
30,66,66
8,8,84
40,40,51
53,53,57
1,1,96
93,72,72
26,93,93
93,73,73
6,34,34
87,87,89
22,86,86
91,51,51
24,24,7
75,75,75
34,88,88
86,87,87
8,8,93
8,48,48
42,50,50
51,51,12
94,16,16
81,81,48
18,18,83
85,85,41
48,48,8
35,35,63
20,26,26
50,32,32
19,31,31
55,55,19
26,26,70
64,72,72
78,51,51
15,15,31
72,55,55
93,93,57
65,3,3
95,30,30
87,87,94
72,72,26
35,35,38
27,27,14
36,36,7
97,43,43
73,73,49
35,54,54
12,84,84
24,24,74
70,70,92
4,63,63
26,26,31
71,60,60
34,88,88
67,99,99
20,5,5
85,58,58
74,74,7
99,73,73
92,92,54
99,99,91
21,21,11
50,36,36
36,78,78
82,82,6
95,95,73
71,71,84
61,61,10
23,23,60
15,29,29
77,77,96
40,40,56
74,67,67
25,25,33
19,19,66
67,67,75
6,24,24
61,9,9
68,68,59
46,64,64
5,5,84
10,10,86
11,35,35
41,89,89
55,55,99
96,47,47
57,57,92
30,27,27
96,96,56
88,88,63
92,92,53
72,91,91
51,51,0
19,19,34
40,84,84
2,36,36
76,76,39
54,54,70
22,22,10
68,68,68
70,77,77
0,83,83
5,5,24
42,42,15
11,46,46
61,10,10
88,44,44
67,67,75
77,14,14
34,34,81
29,91,91
97,97,3
13,13,90
29,29,15
8,8,79
15,46,46
70,70,20
29,29,34
19,19,5
40,40,16
47,52,52
8,7,7
50,50,93
26,91,91
89,37,37
58,90,90
86,86,94
85,58,58
61,10,10
96,96,52
75,75,19
80,3,3
95,23,23
17,12,12
93,76,76
80,55,55
3,46,46
53,53,0
23,23,99
55,65,65
27,97,97
40,99,99
9,9,79
42,42,28
50,63,63
92,62,62
87,87,54
43,43,59
42,29,29
79,79,34
52,52,47
9,9,61
32,75,75
42,38,38
57,57,53
56,56,12
99,99,99
57,83,83
81,81,13
9,9,9
70,0,0
51,51,88
50,50,36
42,27,27
10,10,28
70,49,49
40,40,93
40,40,84
63,93,93
50,74,74
19,72,72
62,62,54
28,28,90
94,94,87
52,52,47
86,86,84
98,95,95
13,13,81
70,70,54
9,94,94
19,20,20
15,3,3
68,68,49
66,38,38
24,24,18
63,63,69
56,56,96
60,60,68
12,12,76
53,53,15
36,3,3
98,32,32
20,20,20
92,62,62
24,24,24
16,16,43
26,26,15
12,12,17
33,17,17
45,22,22
71,71,40
61,22,22
30,30,67
45,57,57
75,75,97
94,94,84
29,29,3
48,26,26
97,97,34
95,73,73
12,12,15
80,34,34
63,63,42
85,90,90
33,96,96
23,23,40
32,53,53
46,2,2
70,92,92
51,51,89
8,8,37
29,63,63
56,56,47
11,11,32
60,60,60
48,48,72
21,21,15
21,21,43
60,60,68
56,56,47
63,63,16
42,97,97
33,96,96
79,79,4
17,17,37
20,20,94
16,16,5
7,77,77
91,91,64
34,43,43
14,74,74
92,92,89
6,6,38
89,51,51
13,13,81
85,85,96
96,96,59
27,27,97
81,90,90
63,63,51
59,59,67
10,10,61
78,78,72
18,25,25
53,53,57
17,72,72
27,80,80
43,43,97
61,10,10
54,54,10
25,94,94
79,79,37
68,68,12
31,31,74
69,69,12
64,64,97
83,83,16
41,41,65
23,71,71
35,72,72
96,96,12
20,20,20
87,87,5
90,90,68
52,52,96
26,26,31
83,83,53
67,55,55
20,20,20
20,87,87
7,24,24
83,16,16
27,91,91
45,45,83
68,68,87
93,93,32
86,25,25
12,12,13
60,60,71
73,45,45
99,99,86
1,14,14
92,62,62
80,84,84
26,26,92
58,27,27
88,88,85
97,50,50
88,88,78
19,19,74
34,65,65
23,71,71
19,3,3
13,13,78
44,58,58
48,48,8
58,37,37
16,16,86
63,64,64
80,38,38
55,4,4
4,4,19
32,91,91
46,15,15
98,35,35
32,32,46
45,45,92
87,87,16
97,37,37
12,33,33
8,84,84
45,45,26
92,62,62
31,38,38
62,92,92
61,22,22
89,89,90
62,92,92
78,61,61
83,53,53
45,45,34
85,85,36
28,28,40
37,37,13
54,54,79
30,30,96
95,95,30
7,7,92
59,59,12
24,24,24
94,94,5
7,7,20
94,94,5
94,94,5
11,35,35
42,15,15
65,65,74
47,52,52
40,40,20
38,97,97
4,15,15
80,80,46
82,82,82
46,2,2
75,75,75
51,93,93
74,74,92
34,34,59
5,5,25
85,85,88
30,30,91
74,74,24
22,22,8
95,75,75
81,81,13
92,62,62
91,27,27
52,52,47
51,88,88
44,26,26
62,92,92
65,65,79
76,9,9
84,84,5
0,0,70
43,43,74
48,48,75
67,33,33
62,62,82
89,89,67
83,92,92
18,18,96
31,81,81
19,19,31
8,48,48
68,68,18
97,72,72
3,3,31
83,83,53
70,70,32
39,83,83
0,0,83
86,86,20
77,51,51
58,58,39
19,89,89
89,89,48
90,13,13
81,81,66
61,61,28
41,41,90
80,79,79
52,52,59
66,66,5
68,68,12
80,80,64
43,43,77
11,35,35
25,5,5
27,38,38
35,35,77
50,50,5
88,88,64
14,77,77
75,75,90
53,53,62
3,72,72
5,5,92
35,98,98
82,82,6
7,7,79
90,21,21
61,61,11
7,7,64
91,91,63
1,62,62
5,5,25
17,37,37
72,72,11
41,41,13
94,94,31
33,33,27
67,65,65
33,39,39
39,39,3
23,23,40
6,80,80
31,31,29
63,63,11
71,71,49
67,67,38
93,4,4
84,19,19
46,46,2
74,66,66
33,60,60
77,31,31
65,65,81
50,50,38
98,98,34
51,51,81
72,91,91
36,36,34
3,30,30
41,41,41
47,47,96
54,54,70
87,81,81
37,37,13
75,75,75
74,4,4
71,12,12
14,14,24
57,57,3
9,9,53
44,44,61
57,57,53
83,83,83
45,8,8
61,10,10
52,96,96
63,63,45
89,81,81
10,16,16
85,85,84
39,39,25
7,7,14
25,25,15
98,98,35
74,65,65
70,70,92
70,83,83
49,49,23
70,92,92
87,87,13
90,55,55
15,48,48
65,74,74
97,97,47
36,36,11
83,83,9
82,82,6
51,79,79
32,86,86
7,7,38
74,74,26
80,80,15
2,2,46
28,9,9
78,91,91
40,40,93
36,36,19
91,12,12
91,4,4
99,78,78
73,30,30
24,76,76
83,83,0
42,80,80
92,57,57
90,81,81
50,74,74
82,82,82
24,24,7
65,65,34
16,16,10
40,10,10
39,39,78
7,7,9
31,31,42
10,67,67
51,51,77
96,96,92
51,51,36
29,29,7
66,66,75
83,53,53
30,30,93
84,25,25
29,57,57
5,5,81
10,10,7
53,53,0
74,74,48
72,72,36
34,15,15
15,15,98
44,29,29
25,25,5
66,66,0
10,28,28
55,34,34
48,48,41
95,30,30
63,3,3
64,64,97
77,77,8
3,3,85
13,13,81
18,18,6
92,54,54
55,3,3
13,13,58
30,72,72
29,29,29
91,91,18
91,91,45
61,61,28
75,75,6
58,37,37
60,71,71
70,70,54
46,35,35
52,52,59
94,94,76
89,41,41
90,45,45
56,56,52
57,57,6
43,15,15
60,60,82
45,29,29
30,30,4
59,81,81
78,78,26
6,38,38
80,65,65
80,80,51
54,54,51
83,99,99
60,60,71
76,17,17
92,51,51
18,18,58
14,14,44
26,26,2
9,9,9
81,90,90
85,85,36
32,32,5
63,63,45
43,53,53
56,30,30
87,87,84
78,44,44
45,98,98
99,99,95
70,70,62
8,89,89
12,90,90
65,65,34
80,80,92
58,41,41
17,17,48
39,23,23
53,53,53
66,66,37
48,48,87
25,25,5
88,88,40
32,55,55
97,65,65
87,25,25
37,49,49
40,40,8
91,81,81
16,16,28
27,33,33
33,33,13
86,16,16
89,89,13
5,5,92
76,69,69
83,83,16
74,74,38
85,85,17
24,24,7
93,55,55
32,61,61
76,76,2
45,44,44
5,2,2
52,52,59
46,2,2
72,87,87
40,40,40
58,58,85
84,84,84
6,7,7
91,91,84
38,55,55
35,35,46
66,66,75
25,9,9
79,44,44
57,53,53
23,23,40
14,14,14
15,72,72
86,86,87
75,75,97
45,45,35
6,6,72
22,22,61
33,96,96
76,76,95
52,52,76
41,90,90
90,49,49
22,22,61
34,34,7
45,31,31
66,8,8
7,46,46
95,30,30
11,46,46
1,1,57
23,23,49
3,3,31
22,22,25
5,5,66
80,80,26
93,93,98
27,25,25
86,86,91
69,69,44
92,62,62
53,10,10
54,97,97
63,29,29
18,18,7
84,84,29
66,75,75
8,8,63
59,33,33
8,8,70
42,80,80
62,62,83
29,44,44
30,30,4
73,95,95
2,2,67
96,17,17
39,86,86
4,63,63
22,51,51
45,45,99
83,83,84
58,58,14
73,95,95
18,18,45
84,84,15
4,4,26
5,5,20
2,57,57
18,18,4
23,23,49
29,29,55
85,85,44
34,34,67
42,29,29
16,16,81
86,86,16
65,50,50
95,95,3
45,45,6
97,86,86
0,0,81
20,16,16
46,32,32
44,65,65
86,86,87
92,92,6
29,29,78
85,85,90
82,82,6
91,27,27
82,82,16
17,17,49
38,38,4
58,27,27
12,12,69
26,26,28
54,32,32
28,10,10
58,58,13
79,80,80
1,1,91
4,26,26
95,99,99
10,22,22
3,76,76
33,42,42
23,71,71
91,55,55
73,77,77
1,1,26
1,1,27
35,35,98
10,83,83
19,19,17
88,88,32
11,11,2
29,29,92
56,56,6
0,57,57
54,54,70
61,61,99
20,7,7
13,13,72
17,17,23
53,53,53
89,89,81
18,18,6
81,81,18
6,6,38
96,96,41
41,41,89
26,3,3
26,26,97
25,25,92
60,60,69
22,39,39
73,73,98
4,27,27
47,47,5
24,24,77
18,74,74
78,74,74
17,17,37
7,7,4
0,0,83
87,87,15
26,44,44
95,73,73
14,14,78
56,56,18
18,78,78
12,12,67
54,54,62
21,38,38
79,79,77
8,8,8
43,43,65
39,39,57
24,40,40
40,40,28
53,53,92
35,98,98
21,63,63
31,31,5
8,8,89
57,57,10
33,33,76
82,78,78
35,46,46
6,38,38
5,94,94
40,22,22
65,65,64
22,26,26
16,16,94
64,19,19
57,65,65
98,2,2
64,80,80
88,88,34
55,55,95
58,58,13
27,93,93
36,50,50
13,13,81
91,91,91
84,84,5
9,9,65
5,12,12
9,98,98
65,65,72
85,85,44
70,70,54
59,96,96
93,85,85
2,2,36
59,52,52
79,79,28
70,70,92
34,34,43
97,97,93
86,16,16
49,49,23
18,44,44
55,55,65
70,70,62
73,72,72
38,38,37
34,34,74
61,61,10
69,69,40
37,37,16
64,44,44
24,24,24
3,3,40
78,78,99
74,64,64
33,33,16
35,98,98
1,1,93
84,84,78
22,45,45
86,86,5
4,55,55
91,91,91
13,58,58
90,90,49
68,68,68
60,60,60
84,27,27
0,0,92
34,80,80
18,92,92
32,32,67
92,92,70
14,65,65
96,49,49
35,35,11
86,28,28
3,3,7
89,89,58
79,27,27
15,65,65
66,78,78
35,35,87
50,64,64
12,89,89
41,41,56
31,3,3
34,35,35
93,93,86
84,84,55
26,26,8
74,27,27
78,4,4
50,50,36
57,57,69
54,54,40
2,2,25
95,67,67
44,44,5
66,66,97
60,60,33
26,46,46
58,58,25
82,82,92
67,10,10
98,57,57
89,89,90
28,28,25
55,65,65
95,95,30
76,76,69
60,60,68
76,76,16
91,91,91
37,64,64
2,10,10
3,63,63
62,62,92
43,43,71
91,64,64
48,48,41
63,63,26
34,55,55
56,42,42
34,34,43
53,53,14
3,75,75
28,28,67
8,8,48
40,86,86
44,44,64
33,59,59
61,61,87
60,60,71
73,73,1
61,61,4
26,29,29
59,32,32
4,3,3
49,49,10
92,92,94
92,92,70
6,6,12
72,41,41
86,87,87
18,18,59
20,20,98
55,64,64
0,0,19
85,85,90
75,64,64
18,18,69
23,49,49
74,65,65
95,95,99
81,81,14
58,27,27
73,95,95
60,17,17
21,21,34
14,83,83
19,19,17
87,46,46
47,47,97
79,78,78
90,90,81
75,75,81
73,27,27
15,15,31
41,48,48
39,39,57
99,99,26
11,90,90
94,87,87
45,45,26
91,91,90
36,36,43
77,77,45
3,72,72
75,75,25
92,92,54
94,87,87
61,61,93
50,29,29
38,38,31
12,12,69
1,1,26
0,0,53
30,30,95
84,19,19
98,98,11
29,29,31
7,7,78
18,18,97
48,48,6
89,81,81
91,91,91
84,65,65
63,38,38
62,70,70
31,31,14
40,40,56
55,72,72
30,30,11
61,10,10
86,26,26
47,96,96
33,18,18
11,4,4
25,20,20
14,14,38
28,28,32
75,75,50
11,2,2
81,81,13
61,22,22
73,73,30
79,79,26
5,84,84
88,42,42
56,56,79
81,81,90
31,31,17
84,84,20
69,69,76
30,30,95
6,6,1
68,68,7
70,92,92
12,16,16
74,74,64
7,7,63
21,80,80
55,95,95
71,71,60
5,84,84
14,16,16
48,48,8
18,83,83
0,0,0
70,92,92
38,15,15
26,4,4
24,24,7
69,69,9
16,86,86
9,9,54
42,42,11
41,41,41
39,23,23
27,27,85
0,0,57
70,70,13
85,91,91
9,9,40
43,43,18
79,3,3
77,55,55
75,75,64
74,74,7
80,38,38
42,42,27
67,10,10
8,8,15
0,0,83
36,36,66
89,89,81
43,4,4
46,46,98
69,69,95
56,31,31
42,80,80
10,22,22
71,73,73
98,35,35
55,64,64
40,65,65
16,16,25
0,0,57
21,72,72
2,2,29
1,1,26
64,3,3
52,96,96
43,43,19
83,92,92
65,65,4
68,68,9
18,18,41
1,1,38
25,25,30
96,31,31
46,98,98
47,47,33
90,90,68
2,2,98
28,28,51
37,49,49
61,61,86
31,37,37
77,14,14
4,4,33
92,0,0
38,38,21
93,93,95
28,10,10
39,39,25
18,18,6
41,41,41
44,18,18
49,49,12
1,92,92
11,11,58
19,8,8
91,91,7
82,82,82
4,4,8
60,60,12
34,27,27
56,56,29
19,16,16
32,32,19
74,63,63
87,16,16
99,99,18
72,49,49
98,2,2
8,84,84
58,58,87
93,73,73
87,87,89
87,35,35
24,57,57
35,86,86
43,82,82
52,47,47
6,6,7
4,4,30
33,80,80
8,8,48
63,74,74
26,26,19
34,34,36
39,39,95
97,97,85
47,96,96
75,75,42
33,87,87
87,87,87
49,49,18
46,46,98
16,16,16
33,33,96
76,76,18
41,41,41
97,80,80
8,8,95
75,75,34
17,17,12
80,65,65
93,93,73
27,27,61
4,4,21
41,41,19
49,60,60
30,93,93
31,55,55
21,21,34
77,77,83
90,90,1
54,54,92
87,87,10
86,86,22
37,37,63
47,59,59
66,75,75
2,2,35
73,73,30
55,72,72
25,25,92
62,62,92
26,26,99
19,65,65
28,28,20
15,15,8
14,77,77
59,59,20
69,76,76
45,70,70
92,92,62
39,39,51
42,42,13
58,58,13
49,17,17
48,58,58
44,80,80
71,71,30
48,13,13
69,69,9
9,9,79
77,36,36
25,5,5
35,35,32
23,71,71
66,66,97
66,66,43
88,65,65
82,82,82
1,45,45
39,39,99
88,88,89
93,93,95
82,82,56
7,14,14
17,9,9
56,56,42
40,40,51
70,70,53
1,1,74
68,68,49
59,52,52
69,76,76
45,26,26
16,16,9
6,62,62
85,85,36
12,12,68
99,99,61
88,88,45
40,40,87
68,12,12
36,36,14
23,23,90
17,17,67
13,80,80
20,25,25
46,46,98
75,75,51
61,22,22
70,62,62
58,41,41
42,34,34
51,51,17
75,75,15
73,73,91
70,54,54
37,37,16
28,28,16
90,90,85
95,72,72
88,14,14
68,68,40
38,38,48
95,73,73
77,79,79
16,9,9
58,58,44
99,61,61
39,39,83
56,56,59
17,17,89
33,96,96
77,4,4
63,64,64
87,87,22
75,75,36
4,31,31
16,16,76
94,94,22
55,72,72
76,76,76
60,60,90
97,97,21
1,1,32
0,0,0
75,75,66
31,31,88
55,72,72
71,71,17
75,75,75
52,52,47
6,80,80
43,43,42
14,7,7
84,84,15
14,14,18
51,34,34
1,1,53
88,31,31
53,53,53
66,66,72
5,5,70
56,56,52
32,32,10
52,59,59
40,40,28
24,24,24
86,86,94
54,54,74
54,54,92
88,88,38
61,61,66
87,87,94
54,54,19
24,24,18
10,5,5
85,85,27
17,19,19
90,58,58
22,40,40
86,10,10
77,77,46
79,79,51
94,94,18
45,26,26
0,0,83
39,39,20
89,89,58
82,82,82
41,7,7
87,87,20
91,91,66
73,73,1
4,4,65
62,53,53
72,55,55
98,2,2
10,10,22
11,11,98
28,28,40
38,15,15
74,27,27
70,70,92
13,13,81
7,26,26
15,15,19
24,55,55
76,76,76
98,98,21
67,72,72
79,79,11
15,15,38
47,47,52
47,47,26
93,67,67
73,67,67
13,81,81
26,26,93
70,70,62
95,95,30
60,60,49
70,70,83
11,2,2
82,82,64
66,37,37
34,34,29
6,6,7
65,65,64
62,62,70
74,35,35
46,17,17
36,63,63
88,88,58
96,96,47
48,48,89
79,79,66
50,63,63
19,19,86
83,83,57
66,66,15
68,68,49
97,4,4
64,66,66
16,16,9
61,63,63
16,8,8
84,84,3
18,18,69
29,34,34
63,63,26
57,53,53
9,41,41
38,66,66
43,74,74
74,29,29
15,15,20
1,1,93
67,50,50
91,67,67
1,1,54
84,84,76
69,79,79
13,81,81
10,10,0
33,33,94
80,30,30
68,68,90
30,30,95
8,8,10
3,65,65
13,81,81
45,45,26
18,18,99
20,26,26
35,78,78
28,28,84
93,63,63
5,5,12
53,53,62
34,34,48
27,27,38
93,93,67
18,18,34
44,3,3
93,73,73
37,37,90
77,18,18
46,46,35
31,31,21
69,69,0
47,47,52
57,57,78
30,95,95
85,85,73
80,4,4
1,1,36
82,82,54
45,89,89
66,4,4
18,80,80
58,58,13
31,31,19
42,42,43
23,23,88
90,85,85
18,7,7
83,83,0
19,31,31
51,51,92
80,80,66
23,23,71
64,64,66
61,61,99
40,22,22
51,51,55
99,99,99
28,28,39
19,15,15
63,63,21
7,48,48
97,97,97
78,78,96
34,34,36
84,60,60
13,13,81
50,74,74
17,76,76
28,28,28
29,29,97
10,23,23
57,92,92
83,83,7
83,83,92
53,53,62
73,73,30
7,7,41
59,59,15
82,82,82
34,34,36
15,15,32
68,68,90
68,68,75
34,34,97
82,82,70
75,75,37
37,5,5
8,8,14
94,94,10
16,16,76
24,24,20
21,21,15
8,12,12
96,96,47
53,53,0
49,23,23
38,74,74
85,10,10
27,55,55
32,32,11
96,96,49
20,20,20
29,29,24
43,43,2
69,69,80
94,12,12
26,26,92
92,92,8
23,23,60
91,91,91
34,65,65
48,48,48
71,23,23
53,53,2
25,23,23
0,0,10
59,86,86
57,6,6
69,69,76
73,73,13
27,27,66
12,5,5
42,50,50
61,61,10
21,21,2
72,73,73
88,88,72
28,10,10
15,12,12
24,24,40
1,1,57
77,15,15
67,67,30
82,82,82
5,46,46
64,64,97
51,51,46
52,59,59
79,79,24
70,70,92
46,2,2
1,10,10
59,59,96
87,87,12
68,60,60
88,80,80
76,76,76
45,45,86
15,43,43
79,7,7
1,57,57
35,2,2
94,5,5
79,80,80
16,10,10
49,71,71
26,61,61
72,32,32
60,60,31
73,73,95
9,9,16
75,75,15
5,5,94
72,55,55
27,34,34
67,65,65
38,15,15
18,92,92
45,4,4
36,38,38
40,40,94
96,96,47
35,55,55
7,27,27
85,85,12
30,30,67
14,6,6
51,51,34
79,79,93
76,46,46
99,99,99
86,86,16
15,15,28
29,29,18
63,74,74
66,66,3
62,62,70
80,55,55
24,24,7
57,57,53
43,42,42
78,78,48
33,33,45
99,84,84
95,95,95
93,93,23
72,65,65
71,71,12
77,65,65
86,86,22
64,66,66
4,15,15
23,15,15
62,62,70
50,50,71
17,37,37
98,2,2
21,66,66
32,32,2
57,57,53
99,99,61
2,38,38
6,6,63
70,92,92
82,82,96
82,82,48
94,94,40
95,95,30
81,81,6
96,12,12
77,93,93
33,33,49
67,67,95
31,31,15
60,60,90
7,24,24
74,50,50
63,73,73
62,62,92
82,82,62
36,36,74
12,12,93
31,31,19
47,96,96
75,75,3
77,10,10
29,29,15
94,94,94
27,27,85
70,92,92
95,67,67
32,32,95
38,80,80
67,27,27
37,37,90
2,15,15
65,65,64
40,51,51
53,53,82
87,87,92
95,95,38
53,53,70
42,50,50
43,43,46
89,89,81
69,69,49
93,93,62
81,81,5
84,84,40
71,71,60
31,31,38
33,27,27
73,73,1
75,75,5
85,90,90
47,47,1
97,97,77
54,54,53
13,81,81
24,79,79
46,76,76
62,92,92
92,92,70
53,53,53
98,35,35
66,66,43
45,11,11
48,48,48
94,94,16
16,40,40
69,40,40
60,60,96
27,29,29
35,98,98
59,59,3
47,52,52
44,44,21
57,62,62
4,4,65
83,83,15
89,89,15
71,71,23
58,68,68
52,52,19
46,32,32
58,58,12
98,35,35
22,93,93
62,83,83
47,52,52
2,2,72
58,58,41
77,77,80
96,96,33
86,86,16
33,33,40
13,58,58
69,12,12
97,74,74
14,14,54
51,51,70
2,54,54
4,3,3
29,46,46
58,58,13
44,42,42
6,77,77
80,38,38
81,81,90
99,99,26
28,28,16
50,34,34
57,57,36
88,88,72
25,84,84
38,38,14
71,73,73
47,47,96
53,53,0
48,48,48
79,79,78
59,59,56
29,29,42
82,82,62
90,90,10
26,93,93
81,25,25
17,17,58
14,14,15
69,69,69
25,81,81
32,32,19
39,39,39
14,62,62
89,89,67
3,21,21
67,67,28
78,99,99
28,28,97
98,98,35
88,88,15
20,20,20
3,3,87
18,18,26
60,71,71
48,48,84
69,69,57
18,14,14
41,21,21
6,6,83
39,39,10
44,15,15
15,17,17
37,37,12
57,92,92
48,48,48
98,15,15
89,89,69
67,73,73
77,2,2
38,38,4
71,23,23
21,21,37
96,96,47
11,11,2
13,84,84
84,84,9
73,30,30
58,81,81
73,30,30
35,98,98
31,31,10
83,45,45
59,12,12
77,80,80
50,4,4
41,14,14
89,8,8
19,19,20
54,54,44
4,4,29
68,68,33
9,9,14
91,91,50
67,93,93
19,19,14
40,5,5
71,23,23
57,77,77
38,66,66
9,9,16
82,82,62
3,4,4
76,76,12
20,5,5
60,71,71
42,42,63
94,94,10
26,64,64
72,72,34
6,14,14
25,25,15
61,61,85
36,3,3
4,50,50
14,2,2
61,10,10
60,60,17
14,18,18
62,62,92
27,23,23
66,55,55
16,86,86
67,67,55
93,63,63
23,23,60
33,33,84
88,43,43
18,18,66
58,58,13
0,53,53
83,16,16
23,23,37
85,85,3
56,56,4
20,20,86
45,7,7
20,20,20
30,30,95
96,47,47
19,19,93
15,44,44
98,11,11
51,91,91
26,26,7
0,83,83
56,56,93
47,47,96
57,92,92
59,52,52
10,10,83
51,40,40
65,55,55
3,3,36
23,73,73
9,9,35
77,99,99
43,43,32
15,15,14
55,63,63
77,77,56
19,19,51
73,73,76
77,79,79
7,7,24
29,12,12
4,21,21
61,61,43
64,50,50
30,93,93
39,39,39
70,51,51
19,40,40
51,51,16
9,81,81
17,17,85
28,16,16
45,42,42
28,84,84
12,37,37
83,70,70
49,49,15
63,63,61
71,71,23
12,12,37
11,11,6
77,77,78
35,2,2
29,80,80
40,40,35
15,15,47
84,84,29
19,19,25
66,57,57
70,70,92
62,62,92
34,34,38
94,86,86
72,73,73
35,11,11
50,91,91
99,18,18
33,96,96
90,90,50
16,16,16
56,96,96
4,4,0
24,24,7
60,23,23
3,64,64
19,15,15
14,18,18
23,23,86
68,68,37
91,32,32
81,81,37
61,61,13
90,90,65
21,21,79
57,57,0
22,22,8
87,87,86
82,82,92
12,12,90
38,38,29
10,10,31
93,93,29
77,55,55
84,84,39
41,41,24
64,29,29
76,76,17
25,25,93
91,91,91
94,94,94
42,97,97
79,50,50
19,19,66
76,67,67
87,87,81
18,18,83
51,51,31
1,91,91
50,50,51
37,84,84
6,6,63
45,45,77
23,30,30
0,0,53
55,55,79
91,74,74
89,48,48
95,75,75
48,42,42
45,16,16
54,54,92
69,40,40
82,79,79
68,68,59
56,56,85
94,97,97
80,80,88
40,69,69
67,73,73
71,71,68
5,23,23
50,50,66
60,60,71
79,79,99
0,0,83
44,73,73
55,64,64
46,2,2
80,80,29
2,2,11
32,72,72
92,92,83
45,10,10
69,76,76
97,97,98
13,13,89
30,30,37
27,27,91
74,74,66
8,8,11
17,17,85
42,42,18
91,91,68
11,11,90
36,50,50
69,69,10
50,55,55
57,57,16
84,84,5
90,71,71
85,85,90
3,21,21
91,73,73
79,44,44
76,76,59
13,13,41
8,8,8
92,92,70
69,69,85
82,82,51
7,7,64
73,91,91
89,89,90
32,50,50
42,42,19
39,39,39
26,26,45
80,34,34
74,55,55
15,15,21
74,50,50
16,16,13
57,70,70
94,94,16
60,60,67
33,91,91
83,92,92
62,62,92
85,58,58
48,48,41
33,33,89
11,11,35
5,25,25
2,35,35
18,44,44
75,75,75
75,75,14
4,29,29
3,31,31
72,63,63
17,17,84
89,89,19
70,92,92
19,19,15
36,43,43
77,77,21
67,23,23
83,83,83
63,63,66
2,2,11
92,62,62
17,37,37
98,2,2
99,99,86
77,22,22
56,56,27
22,10,10
84,84,56
14,14,92
71,71,68
94,94,16
44,55,55
73,85,85
41,41,14
96,52,52
91,91,49
85,85,47
43,43,11
82,82,82
40,12,12
97,99,99
42,78,78
96,18,18
47,47,96
22,51,51
1,1,53
46,45,45
78,78,99
72,3,3
93,93,67
85,85,14
18,44,44
63,64,64
65,65,36
25,5,5
44,39,39
2,2,46
86,86,16
45,44,44
59,59,56
2,2,11
54,54,62
11,46,46
56,56,59
75,75,38
47,47,59
76,72,72
20,20,20
48,41,41
97,97,90
9,9,40
45,89,89
38,38,33
84,5,5
3,3,19
36,35,35
43,43,88
84,5,5
18,18,36
6,6,53
9,69,69
72,72,34
38,38,14
6,6,65
75,75,16
15,15,19
29,29,34
35,35,55
25,20,20
95,30,30
3,21,21
58,89,89
74,50,50
44,44,18
83,83,0
91,91,99
74,74,5
86,86,93
25,86,86
38,80,80
58,58,13
36,36,11
90,81,81
8,8,56
49,1,1
65,27,27
95,95,40
92,78,78
14,62,62
81,90,90
0,0,94
58,58,51
96,33,33
1,1,16
61,10,10
59,59,12
21,21,72
60,60,68
89,89,50
82,82,62
10,44,44
80,80,57
52,52,47
65,65,64
55,65,65
32,32,67
77,77,7
69,69,60
26,51,51
42,42,75
79,8,8
46,11,11
20,20,20
38,38,73
52,52,47
15,15,50
7,24,24
65,65,25
63,63,99
96,96,56
26,26,32
29,15,15
3,55,55
79,65,65
39,39,61
30,30,27
99,99,28
2,5,5
8,85,85
19,38,38
52,96,96
69,40,40
58,58,13
54,27,27
82,82,82
3,3,74
82,43,43
93,93,30
70,83,83
99,99,80
21,21,65
17,17,90
56,56,85
64,64,65
74,74,32
1,51,51
62,92,92
61,61,16
85,85,36
78,78,97
58,13,13
28,10,10
53,53,62
74,78,78
47,96,96
5,5,25
34,64,64
81,81,56
64,27,27
77,77,44
30,67,67
66,66,81
4,74,74
45,45,98
30,93,93
98,46,46
44,78,78
95,27,27
87,22,22
63,72,72
87,87,25
26,93,93
41,41,41
70,70,92
22,51,51
21,21,31
32,32,15
90,90,37
36,2,2
85,85,91
74,65,65
87,86,86
21,21,85
87,87,54
71,71,23
53,53,92
27,27,31
63,74,74
1,1,92
8,8,11
93,50,50
98,98,22
61,61,10
88,42,42
37,90,90
10,10,61
83,83,57
91,27,27
85,85,3
34,80,80
24,24,86
50,67,67
49,23,23
12,12,76
28,28,11
74,74,35
44,78,78
58,37,37
45,78,78
87,87,94
79,55,55
32,93,93
14,48,48
47,47,52
31,3,3
77,77,45
59,59,51
60,49,49
71,71,68
25,25,12
67,67,73
81,81,50
98,11,11
54,54,70
67,67,12
17,17,36
21,21,66
1,1,67
88,88,66
21,21,40
77,91,91
95,95,44
91,91,85
12,12,76
15,72,72
82,82,62
22,22,55
16,16,25
66,66,13
25,10,10
1,1,44
29,29,43
29,29,88
73,95,95
27,93,93
81,81,55
63,63,3
53,53,83
23,23,95
13,13,25
86,86,4
44,74,74
71,71,68
28,28,40
75,75,31
98,46,46
64,62,62
79,7,7
16,16,16
8,8,48
77,7,7
22,22,61
81,13,13
87,87,37
10,78,78
65,79,79
62,62,92
49,49,42
70,70,92
57,57,53
74,7,7
64,27,27
40,40,99
91,91,14
23,23,28
13,13,41
80,66,66
6,6,77
42,42,6
46,21,21
30,30,40
95,55,55
35,35,11
5,36,36
41,38,38
36,2,2
59,89,89
12,12,85
43,43,21
86,86,25
97,97,77
53,53,53
50,10,10
80,64,64
3,3,95
61,61,10
20,20,84
22,84,84
57,57,40
25,25,85
71,23,23
55,55,9
68,68,60
20,20,20
33,49,49
67,32,32
87,86,86
16,16,94
41,41,89
66,74,74
44,74,74
25,87,87
63,64,64
1,70,70
15,25,25
42,44,44
6,43,43
85,85,13
8,8,10
2,2,70
5,5,20
45,45,7
5,67,67
71,73,73
56,56,79
99,99,78
73,67,67
78,78,69
2,2,11
76,76,54
50,50,8
30,30,95
53,53,0
91,72,72
81,33,33
65,27,27
92,92,70
23,25,25
11,46,46
95,86,86
40,40,51
30,55,55
62,62,22
35,98,98
23,23,28
78,78,29
96,47,47
67,67,72
36,50,50
8,8,48
15,15,78
4,4,3
80,80,6
27,27,21
60,60,96
7,14,14
54,23,23
48,48,8
16,16,28
57,57,83
94,94,40
30,30,88
92,70,70
43,43,44
62,92,92
58,58,90
19,19,88
23,23,99
38,38,31
28,55,55
96,33,33
95,95,30
10,61,61
99,99,32
86,86,39
53,53,9
89,89,41
11,15,15
52,52,36
58,58,17
54,54,74
85,85,58
74,74,93
72,64,64
82,53,53
72,72,36
73,30,30
43,98,98
37,31,31
34,27,27
47,47,29
52,52,56
40,79,79
53,53,53
45,42,42
8,33,33
83,83,92
3,3,21
90,37,37
40,40,25
28,69,69
53,53,20
32,27,27
59,59,52
4,4,36
33,33,13
62,92,92
89,58,58
44,56,56
12,12,71
4,55,55
89,19,19
98,35,35
78,78,46
82,82,82
91,39,39
31,19,19
91,65,65
47,47,33
9,9,16
73,73,30
69,69,79
36,36,1
57,26,26
91,91,75
95,95,12
37,84,84
61,61,10
83,83,70
69,69,28
11,35,35
80,40,40
76,76,84
31,80,80
10,10,87
90,90,97
98,98,2
94,94,9
24,24,24
39,22,22
1,53,53
33,33,96
29,85,85
29,29,78
7,66,66
39,54,54
15,65,65
99,78,78
3,3,4
41,41,54
66,66,21
80,64,64
27,27,78
45,45,26
55,74,74
32,32,46
5,5,85
45,27,27
9,9,57
72,91,91
33,33,37
38,19,19
40,92,92
24,7,7
59,56,56
65,65,15
46,46,11
38,42,42
23,23,49
39,39,18
25,25,40
97,97,41
66,73,73
46,25,25
52,96,96
29,29,81
56,56,90
98,35,35
82,82,62
41,44,44
38,80,80
51,1,1
79,27,27
19,34,34
18,18,57
95,95,73
64,64,65
78,78,57
96,96,40
49,49,23
64,64,21
40,11,11
36,80,80
97,97,33
40,40,28
45,18,18
49,49,17
62,62,82
10,40,40
56,31,31
4,4,85
77,33,33
81,81,81
91,91,84
5,5,13
87,87,22
3,3,75
50,74,74
80,72,72
86,86,86
89,58,58
17,17,86
12,12,15
80,80,88
72,55,55
79,24,24
67,80,80
40,5,5
13,13,81
98,43,43
37,58,58
21,4,4
76,76,76
32,21,21
59,59,47
49,49,12
30,30,44
60,49,49
80,80,8
51,51,19
66,66,90
87,87,5
38,38,56
63,21,21
53,53,62
4,4,50
48,48,36
24,24,7
13,13,58
31,31,19
29,95,95
84,2,2
46,46,97
61,61,26
24,24,97
34,34,63
98,35,35
45,45,92
99,44,44
27,27,38
51,51,61
91,91,91
0,0,83
72,50,50
50,63,63
57,57,0
4,4,2
60,60,60
81,81,68
86,86,20
9,13,13
11,11,43
92,73,73
99,99,28
77,77,46
57,57,32
14,14,62
2,2,21
70,70,92
69,69,28
69,69,6
32,91,91
79,59,59
44,93,93
58,58,37
0,0,10
20,20,87
7,6,6
45,55,55
82,82,22
79,66,66
58,58,85
73,95,95
58,87,87
75,75,4
85,85,45
55,27,27
70,92,92
29,44,44
97,64,64
11,46,46
53,62,62
37,37,74
73,95,95
28,28,82
86,65,65
50,78,78
24,24,7
31,68,68
95,95,30
1,1,62
2,2,98
36,50,50
59,59,52
99,99,44
55,27,27
85,85,12
0,0,53
23,23,71
64,64,45
82,51,51
62,62,83
31,31,63
86,86,95
57,10,10
72,50,50
73,91,91
42,63,63
91,91,30
84,84,81
85,55,55
90,90,37
69,69,57
82,82,28
21,21,22
89,89,90
68,68,18
68,68,40
76,76,76
31,31,26
58,58,13
8,8,85
37,90,90
13,13,81
30,95,95
78,78,66
43,88,88
33,96,96
99,71,71
42,8,8
12,12,95
92,62,62
8,48,48
82,82,62
78,99,99
97,97,85
62,62,83
74,50,50
4,74,74
69,12,12
29,55,55
97,29,29
74,77,77
56,56,34
18,27,27
74,77,77
3,93,93
95,95,76
54,51,51
53,53,62
45,45,84
16,16,94
73,73,67
29,29,88
33,28,28
6,6,43
86,22,22
19,19,15
97,97,34
4,4,36
9,21,21
53,2,2
89,58,58
18,18,14
87,5,5
26,10,10
49,49,60
11,13,13
14,14,44
65,80,80
83,83,62
3,21,21
27,27,78
30,30,95
52,59,59
74,74,21
29,33,33
96,74,74
90,90,12
14,77,77
77,77,54
65,63,63
7,7,17
75,75,51
27,30,30
16,16,70
30,30,95
50,31,31
83,0,0
14,14,63
51,51,18
42,42,14
70,70,45
