label,origin_pred,pred_eps=4.0
49,68,81
33,33,84
72,93,93
51,51,91
71,71,23
92,79,79
15,89,89
14,7,7
23,23,73
0,0,77
71,71,12
75,75,93
81,81,90
69,69,76
40,40,28
43,43,38
92,92,18
97,97,66
70,70,70
53,53,61
70,70,92
49,49,34
75,75,15
29,96,96
21,21,46
16,16,83
39,39,39
8,8,79
8,8,16
70,40,44
20,20,84
61,61,10
41,41,89
93,73,73
56,56,45
73,73,38
58,58,41
11,35,35
25,25,84
37,37,81
63,63,3
24,24,18
49,90,95
73,30,30
56,56,59
22,22,61
41,41,89
58,58,89
75,75,51
17,57,57
4,4,35
6,6,45
9,9,16
57,57,14
2,2,74
32,32,11
71,71,60
52,52,96
42,42,88
69,69,95
77,77,99
27,27,32
15,15,38
65,33,33
7,62,62
35,98,98
43,43,42
82,82,62
63,63,64
92,92,54
66,66,8
90,90,81
67,67,42
91,91,1
32,57,76
32,32,90
82,82,92
10,10,16
77,77,7
22,22,1
71,71,73
78,78,61
54,54,70
6,6,79
29,44,79
89,89,13
78,99,99
33,33,63
11,35,35
67,67,73
22,22,61
18,18,59
27,27,4
21,21,43
13,13,90
21,21,55
50,50,66
75,79,79
37,37,17
35,89,89
26,26,79
83,53,53
47,47,17
95,86,86
43,43,88
69,69,76
76,76,16
17,17,37
57,57,0
59,59,76
25,25,5
20,20,25
27,27,44
0,83,57
9,9,57
71,71,60
8,8,48
43,43,42
57,57,51
56,56,79
85,85,90
10,46,46
19,19,38
92,92,62
33,33,96
20,20,84
21,21,90
50,27,27
70,70,92
46,46,35
11,40,16
16,16,86
1,1,29
74,74,50
33,74,74
91,91,32
60,60,33
64,15,15
52,52,47
23,23,60
4,4,74
11,11,35
52,52,47
37,58,19
24,24,7
95,95,30
25,89,13
39,39,78
51,51,74
58,58,13
58,58,41
77,16,16
18,99,99
59,60,60
45,45,34
66,66,50
58,58,13
20,20,39
24,79,79
4,74,74
36,36,50
8,8,85
87,87,51
10,10,51
30,73,66
47,47,59
54,54,91
99,99,38
51,51,92
83,83,45
9,9,90
37,45,45
4,27,27
83,55,55
95,95,30
83,83,98
32,18,18
73,73,25
18,18,51
40,40,84
39,39,8
64,66,66
22,22,91
80,80,65
28,16,16
28,28,10
40,11,84
95,95,30
98,98,45
83,83,45
12,12,22
24,7,7
45,45,11
13,13,81
94,94,72
24,24,74
58,58,89
63,63,42
7,7,18
87,87,94
6,6,79
78,78,10
68,68,18
60,60,31
6,6,45
23,23,71
44,44,80
31,31,42
80,80,63
93,93,63
73,93,93
98,11,11
49,49,33
90,89,89
97,97,34
59,59,33
2,2,53
67,67,30
16,9,9
81,81,33
94,94,76
27,12,12
76,99,99
77,77,51
12,12,3
18,6,6
0,0,74
76,76,39
79,79,6
71,12,12
89,89,93
57,57,53
47,59,59
24,24,24
65,65,64
0,45,45
32,32,67
36,36,34
82,82,14
31,31,56
23,23,49
24,24,7
34,34,1
21,21,55
11,11,98
53,53,0
80,80,38
44,44,93
4,4,74
39,39,23
91,91,73
16,16,40
36,36,50
68,68,76
50,50,67
97,66,66
58,58,33
31,31,75
6,6,74
42,42,47
80,80,65
76,76,40
89,89,13
55,55,30
19,19,75
91,91,73
70,82,82
1,1,44
6,6,44
62,62,70
99,99,61
51,51,92
96,96,52
83,0,0
42,42,75
18,18,1
67,67,72
66,80,32
40,40,76
62,62,92
78,78,44
84,84,5
28,28,0
89,89,8
30,30,73
66,66,55
18,6,6
38,38,3
42,42,43
92,92,0
27,91,91
11,44,44
86,86,39
44,27,27
96,96,37
12,12,17
16,87,87
67,67,74
43,88,88
89,89,48
96,96,33
12,12,41
40,40,84
7,7,24
86,46,95
77,38,38
76,76,16
31,31,3
18,18,59
28,28,40
19,19,79
18,18,44
41,41,41
42,42,51
43,15,15
31,15,15
93,67,67
15,15,3
10,61,61
8,8,22
37,17,17
89,89,17
32,64,64
67,67,32
12,12,13
2,2,45
19,19,31
91,91,1
94,94,76
7,14,14
71,71,23
36,36,1
61,61,76
62,62,83
5,5,58
60,60,0
45,67,67
91,91,72
34,34,97
95,73,67
9,9,40
40,1,36
68,68,12
62,62,51
99,99,39
66,66,97
46,21,21
7,7,24
10,10,51
10,22,22
68,68,3
34,80,80
37,81,81
58,58,13
48,48,8
40,40,90
96,96,63
14,14,88
11,35,35
66,66,26
64,64,50
39,39,51
33,33,12
94,94,84
63,63,64
10,61,61
89,89,26
92,54,51
90,90,19
65,4,4
90,90,87
33,33,96
28,28,96
29,29,38
87,5,84
86,86,66
7,7,24
0,0,53
94,94,84
11,11,46
26,26,35
6,6,18
41,41,41
21,55,80
69,69,23
27,93,93
29,29,99
67,67,76
85,85,37
65,65,44
40,40,25
57,57,51
72,72,3
30,30,91
74,64,64
27,27,42
3,4,4
49,49,18
52,52,47
95,95,73
40,40,46
93,93,72
77,74,74
91,69,80
6,6,26
57,57,77
72,72,55
16,16,86
98,98,95
89,89,42
40,40,18
96,47,80
71,71,73
3,3,80
2,46,46
66,66,42
27,5,5
8,8,10
53,53,83
33,96,96
55,21,88
81,58,58
88,88,66
96,96,51
68,68,60
42,42,78
77,77,55
10,10,28
27,3,4
32,32,14
79,80,63
98,98,11
18,69,76
51,51,84
2,11,11
19,19,51
31,31,19
67,67,95
36,36,64
10,10,51
16,16,22
5,5,25
81,81,37
85,85,90
26,33,33
85,85,37
65,65,38
22,22,61
55,4,4
85,85,87
22,22,10
22,5,5
10,78,22
18,83,83
98,36,36
9,9,22
26,29,29
27,27,26
7,24,24
5,5,33
58,58,12
87,87,39
76,76,69
2,11,11
54,70,70
38,38,27
33,33,96
17,17,69
6,6,79
0,0,83
79,79,77
97,97,88
14,14,75
14,14,75
73,73,32
79,79,14
8,44,44
42,42,74
4,15,15
25,25,5
37,37,85
75,75,51
74,74,63
41,7,7
0,0,53
99,73,73
79,79,8
87,87,22
67,67,93
72,72,63
38,38,34
25,25,40
49,49,90
3,21,21
74,74,63
69,91,41
36,57,77
77,77,14
89,89,85
71,71,51
31,31,15
50,28,28
90,90,81
11,11,35
2,22,22
41,41,89
38,38,63
58,58,41
47,47,47
93,93,95
68,68,12
11,11,35
35,36,36
67,67,77
54,54,62
53,53,53
30,73,73
36,36,50
83,45,45
54,54,1
64,64,4
46,46,32
45,48,44
98,98,72
62,62,70
46,46,35
95,95,30
88,42,42
37,17,17
18,44,44
29,89,89
63,63,93
8,8,61
33,76,76
35,35,98
6,18,18
76,76,90
19,19,3
99,99,78
53,70,70
15,15,38
57,54,54
2,2,11
27,27,42
27,73,67
93,30,30
81,81,37
54,54,84
71,71,23
26,14,14
25,33,33
35,35,2
30,95,95
72,72,55
8,99,78
42,42,51
62,62,47
56,56,82
78,55,55
47,47,96
73,73,27
43,43,55
20,20,25
83,45,45
63,3,4
49,49,29
28,10,10
26,26,45
45,45,84
36,55,55
36,36,63
68,68,56
1,48,48
2,98,98
99,26,26
9,17,17
65,26,26
38,38,34
58,58,41
96,96,33
38,77,77
87,87,86
82,82,14
22,22,61
83,83,0
41,41,90
7,54,54
12,90,33
10,10,14
35,35,98
44,44,42
81,12,12
91,91,29
56,56,59
9,9,57
24,7,7
3,6,6
30,73,73
1,92,92
39,39,86
98,35,35
72,55,30
83,83,18
80,33,33
43,43,47
84,84,45
66,66,75
4,4,72
64,64,63
77,77,79
98,98,11
82,82,14
81,81,13
20,20,24
0,0,1
48,48,41
46,35,98
33,33,64
22,22,61
13,13,58
17,49,49
39,39,39
76,76,17
0,0,51
17,17,76
64,64,93
48,48,89
90,1,1
93,93,44
82,82,92
75,75,69
96,96,84
97,97,4
3,3,34
83,92,62
60,60,33
61,61,10
32,32,15
26,26,32
84,84,25
41,89,89
12,12,13
85,85,90
12,86,72
8,8,13
82,82,62
72,55,63
94,94,76
7,77,77
22,22,87
15,15,19
66,66,97
89,89,25
97,85,85
19,19,43
0,0,57
19,15,15
5,5,25
56,56,51
36,36,34
45,45,20
1,1,29
94,94,51
66,56,96
86,87,22
82,82,6
17,17,37
64,64,4
99,22,22
34,34,3
30,30,51
73,73,81
83,83,10
6,77,77
1,1,91
28,28,40
77,77,64
91,91,10
74,88,88
68,68,18
14,14,18
14,14,7
1,1,91
92,92,51
97,97,38
45,45,26
7,7,62
21,21,64
37,37,49
32,32,67
73,77,80
88,88,84
86,86,66
92,92,6
14,27,27
86,10,10
74,74,4
25,25,20
93,93,10
78,78,93
77,77,74
88,88,15
42,4,4
10,10,25
65,65,80
26,26,42
31,31,38
85,85,12
78,45,27
29,59,59
32,4,63
81,81,13
97,97,21
1,1,92
82,82,51
0,57,57
21,4,4
15,31,31
56,59,59
57,57,0
97,64,64
76,76,40
60,60,0
87,87,25
46,11,35
1,1,93
61,61,10
75,75,3
62,62,92
21,21,83
61,61,10
78,78,6
90,90,18
68,68,13
94,94,65
88,88,42
95,69,76
3,4,4
83,83,53
32,32,77
93,93,63
77,77,32
38,38,29
63,63,67
61,61,10
41,41,48
88,88,42
83,83,10
35,2,2
82,82,62
50,50,74
15,15,40
48,48,41
25,25,62
4,63,63
71,71,4
8,8,42
98,98,46
67,67,32
7,7,37
85,85,37
25,25,84
96,96,33
60,60,23
55,80,80
80,80,65
13,1,1
90,90,12
54,54,62
15,15,17
76,76,59
39,39,25
95,95,30
24,24,7
7,7,44
64,64,93
70,70,92
88,42,42
81,81,90
0,0,57
12,12,40
64,64,3
31,31,15
79,79,41
86,86,25
60,60,82
22,22,10
38,80,80
82,82,92
14,14,45
48,48,13
33,33,66
55,55,72
53,53,36
40,87,84
1,1,93
58,58,13
94,94,87
70,92,92
29,29,64
86,86,40
23,23,33
46,46,98
58,58,85
99,99,39
78,78,42
10,10,61
53,53,11
37,37,90
97,97,56
65,65,77
15,15,29
77,4,4
52,52,59
63,63,4
32,32,67
6,6,18
36,36,50
6,6,45
7,7,24
36,81,81
74,98,4
13,13,37
22,22,61
32,67,67
54,54,62
62,83,83
84,22,22
57,57,51
25,25,73
11,11,35
62,99,99
85,33,33
31,31,55
26,26,45
16,16,76
96,96,33
71,23,23
90,90,37
39,39,9
20,84,84
47,47,96
35,35,98
19,19,29
52,59,59
66,74,74
32,32,67
53,39,78
53,10,0
21,21,35
98,98,46
6,6,29
88,88,38
71,71,23
45,65,65
98,23,23
55,55,90
99,44,45
24,24,7
93,93,26
67,89,63
33,33,60
16,16,86
33,33,76
9,9,92
10,10,78
46,51,51
68,68,33
24,24,7
96,47,47
22,2,2
40,89,89
63,63,31
53,53,53
10,10,16
14,99,99
41,41,91
77,77,4
54,54,6
84,16,8
20,20,25
29,29,4
76,76,68
36,36,51
1,54,54
26,26,27
99,32,63
2,2,11
96,59,59
69,69,29
36,36,50
18,18,44
90,90,81
66,66,93
52,47,47
37,37,13
99,99,78
97,80,80
12,12,90
55,55,38
15,15,93
85,85,20
15,89,89
16,86,86
33,33,34
99,99,41
80,80,12
28,28,10
69,69,76
51,51,63
72,72,27
39,39,86
8,8,22
56,56,59
59,52,52
15,46,63
21,21,35
77,77,74
45,45,7
21,21,65
80,29,3
89,89,17
37,37,81
48,48,41
47,59,59
56,56,59
65,65,80
96,52,52
14,9,44
52,52,33
2,2,35
60,60,49
9,9,86
68,68,60
22,22,72
23,23,71
44,44,80
19,11,11
54,54,92
97,97,84
23,71,76
54,54,76
62,62,92
56,56,59
23,23,73
42,42,78
81,81,90
66,51,51
87,75,75
47,47,59
47,47,96
45,86,25
42,42,88
51,51,33
10,10,32
35,5,5
68,68,39
13,13,81
55,30,30
34,34,88
74,80,80
47,47,96
40,40,35
51,51,10
6,6,54
3,3,64
76,76,49
52,47,47
53,53,1
34,34,97
60,60,90
63,63,74
28,28,10
24,24,7
36,65,65
69,69,77
82,89,90
90,90,81
70,70,62
75,58,89
77,77,4
43,43,42
43,43,42
78,99,33
81,16,16
80,80,55
66,66,75
35,35,98
84,84,59
21,21,62
49,49,23
96,33,33
15,15,57
37,37,27
2,35,35
89,66,66
36,36,1
9,9,90
53,53,57
91,91,73
65,66,66
67,23,23
94,94,84
40,40,15
72,55,55
90,90,13
86,86,9
85,91,91
30,95,95
92,92,14
25,25,84
60,18,18
2,21,21
29,29,93
0,57,57
9,9,17
37,37,81
1,51,51
50,50,42
90,90,18
27,27,29
52,52,47
36,4,4
48,89,89
71,71,60
12,12,81
97,97,34
0,0,53
3,3,21
41,41,69
21,21,22
16,16,22
51,51,73
72,66,66
13,13,90
63,65,65
81,81,13
73,30,30
55,95,95
30,30,73
28,16,16
10,61,61
84,6,6
8,8,48
6,6,82
9,9,20
93,93,63
2,2,11
78,78,80
26,26,44
16,16,35
17,17,89
39,39,18
67,67,72
20,20,25
3,3,67
81,81,90
26,26,32
96,96,52
45,45,67
15,15,31
29,42,42
57,57,77
60,60,71
49,49,33
36,36,65
23,23,76
63,42,42
72,27,27
19,15,15
41,41,91
55,65,65
26,80,1
25,20,20
49,49,27
28,28,40
20,20,25
33,33,96
7,7,22
45,29,34
7,7,45
89,89,58
1,1,41
90,90,81
42,42,33
15,65,65
23,23,67
93,93,44
96,96,17
59,59,52
29,15,15
29,29,73
75,75,27
93,93,67
8,48,48
70,70,99
48,48,48
82,82,62
84,84,40
81,81,68
72,55,65
38,38,31
80,80,49
63,63,4
76,76,33
4,4,55
54,54,61
60,60,23
1,1,33
49,49,33
1,1,32
92,92,18
77,77,79
30,69,69
98,98,35
62,62,92
25,25,5
26,26,62
55,65,26
25,5,5
21,21,3
25,94,94
82,82,51
80,65,65
19,31,31
93,93,77
35,2,97
61,61,48
81,81,13
69,69,76
9,9,69
91,91,95
96,96,47
34,34,88
23,23,0
9,41,69
0,0,10
28,83,0
51,51,70
91,91,78
65,65,38
33,23,18
5,5,25
13,13,81
52,52,96
58,58,13
65,65,73
32,32,46
37,37,81
63,63,74
61,99,10
19,19,43
2,2,98
49,49,76
64,64,3
58,58,13
93,77,41
62,62,70
52,52,47
53,53,51
41,41,89
33,33,96
84,84,8
22,5,5
67,67,32
44,42,42
95,95,30
24,24,74
46,46,98
98,98,35
31,31,19
83,83,53
16,90,90
2,2,11
47,52,52
51,51,78
3,3,31
18,68,68
60,60,82
38,66,66
95,95,76
89,89,88
11,6,6
63,63,4
15,15,29
49,49,67
63,63,42
85,85,69
12,12,37
38,38,46
66,66,64
99,99,78
72,72,27
83,53,53
12,12,8
93,93,32
51,42,42
21,21,40
47,47,52
21,21,55
43,43,29
77,77,1
55,55,74
36,35,35
57,57,10
69,69,76
5,5,25
29,29,85
41,41,58
14,14,92
41,41,48
77,77,79
58,58,13
60,60,68
45,26,26
88,88,43
19,19,42
19,19,3
48,48,26
5,5,76
81,81,12
69,69,76
77,77,63
60,60,23
88,88,42
92,92,54
31,31,15
34,34,88
36,36,67
30,30,72
64,3,3
82,82,51
88,88,42
7,7,79
38,38,80
57,57,39
92,54,54
23,23,47
11,35,32
41,41,84
38,7,74
90,90,13
76,76,12
28,28,10
24,24,7
6,6,72
84,84,40
76,76,12
88,34,34
28,28,5
98,98,35
96,96,33
93,93,32
64,64,50
45,45,88
54,54,1
26,26,34
79,79,63
70,70,54
46,46,11
89,89,11
89,89,5
64,64,32
93,78,78
39,39,39
53,53,11
36,50,50
50,50,63
56,56,59
84,84,94
46,46,11
13,13,90
5,89,89
51,51,74
5,5,25
56,56,59
68,68,33
70,62,62
92,92,54
93,93,95
28,15,10
18,31,31
37,81,81
50,50,36
81,81,90
67,67,73
41,41,69
35,11,11
99,44,44
41,41,75
79,79,26
90,90,81
59,59,27
59,59,52
35,35,11
16,16,10
17,17,76
64,64,50
90,90,87
96,96,84
3,43,43
88,88,43
3,3,31
45,45,6
0,0,53
68,90,90
33,33,18
49,49,27
0,0,14
18,6,79
22,53,53
72,15,76
4,88,88
66,51,51
5,25,25
46,11,11
79,14,14
70,92,92
9,9,9
49,76,76
34,34,43
48,48,8
71,71,60
37,37,94
42,42,78
6,79,79
91,91,44
58,58,90
42,78,78
17,17,12
1,1,33
5,5,84
65,50,50
5,5,81
38,3,3
47,47,96
38,38,74
63,63,93
61,10,10
28,28,63
99,18,18
20,20,25
88,88,42
50,50,63
53,53,51
97,97,50
59,59,56
78,78,93
35,35,98
50,44,42
6,6,62
98,98,35
33,33,27
65,57,57
23,23,59
68,68,60
26,84,45
96,52,52
17,17,85
65,65,36
47,47,47
12,12,81
94,94,82
81,81,94
76,76,95
91,91,93
72,72,55
35,35,10
18,18,79
96,47,47
92,92,79
98,98,19
19,19,38
0,0,57
43,43,42
50,50,74
43,43,15
44,44,76
73,73,44
4,4,91
53,53,11
37,85,85
8,8,45
25,25,14
52,52,76
29,19,19
44,44,27
12,33,33
38,38,80
5,5,12
25,25,12
41,41,41
81,81,94
23,23,73
68,68,84
59,52,52
81,81,12
43,43,42
8,8,48
11,11,35
18,27,27
92,92,14
5,84,84
34,34,18
48,48,48
80,80,74
25,37,37
31,80,80
8,70,70
88,88,42
10,10,78
50,50,74
76,76,17
50,50,27
95,95,67
94,94,20
83,96,96
52,52,96
44,44,25
16,9,9
99,99,12
68,68,37
28,28,10
15,15,4
47,47,52
34,80,80
57,57,40
13,13,58
22,22,61
9,9,67
90,95,48
50,50,27
34,34,38
43,42,42
20,20,40
87,87,86
91,91,32
80,80,97
9,9,76
17,17,33
19,19,4
57,57,76
14,7,7
27,73,73
46,46,98
13,81,81
44,44,18
24,24,45
10,10,67
84,58,85
4,21,21
56,56,79
29,34,34
29,29,8
51,51,77
78,78,93
62,62,92
53,53,77
17,17,37
28,28,86
28,28,61
11,11,2
65,65,80
48,48,78
48,58,58
12,71,73
55,95,95
66,66,37
98,98,11
8,8,79
94,94,76
25,25,5
70,70,14
54,54,1
12,68,68
86,86,16
3,55,55
76,76,40
13,13,58
2,11,11
7,7,24
91,91,1
55,55,80
45,45,26
51,51,92
53,53,1
28,28,51
9,9,57
87,87,40
13,8,8
30,30,91
58,58,89
61,78,78
31,31,56
70,92,92
39,39,25
3,55,67
47,47,59
34,42,42
26,26,27
50,13,13
59,59,47
64,64,63
37,37,17
92,92,70
14,14,75
26,26,45
37,12,12
94,94,84
29,29,15
15,15,19
63,32,32
7,7,74
32,32,95
9,9,86
43,15,15
12,12,89
27,27,72
78,78,83
97,35,36
55,38,38
11,35,93
69,69,76
66,66,75
31,31,95
20,20,25
54,92,51
45,32,32
86,86,16
84,84,35
55,55,3
3,50,50
6,6,4
54,54,14
69,69,76
47,47,96
62,62,70
57,32,10
85,85,37
30,73,73
16,16,86
11,2,2
82,9,14
65,75,75
59,59,18
81,90,90
39,39,27
79,79,44
25,25,20
44,44,78
16,57,57
23,23,30
17,17,37
49,49,63
69,71,95
74,74,77
63,63,77
10,10,28
56,56,14
43,21,21
22,78,26
11,11,35
9,9,83
17,17,76
31,31,15
52,52,59
52,52,59
36,36,50
58,58,13
79,79,6
42,42,27
32,99,99
15,15,77
15,15,37
79,7,18
56,56,59
3,3,63
77,30,30
57,57,0
5,5,25
76,76,49
84,84,10
47,52,52
79,79,82
64,80,80
3,72,72
22,22,90
84,84,40
15,15,55
83,83,0
19,19,34
64,64,10
61,61,16
33,33,96
16,16,69
76,76,12
96,96,56
87,87,5
92,92,62
39,39,39
60,60,90
59,59,95
74,65,65
27,45,34
68,68,33
7,14,65
23,23,8
42,42,43
47,47,33
2,11,11
20,20,25
80,80,21
24,6,6
17,17,76
12,12,80
55,66,63
13,8,8
17,17,37
67,67,32
21,21,27
42,42,78
21,21,72
46,98,98
79,79,90
21,21,90
61,61,10
64,55,55
41,41,91
16,16,86
40,40,51
54,54,92
70,54,54
65,65,4
84,84,76
64,3,3
37,37,45
59,59,47
92,92,62
71,71,12
17,17,37
96,47,47
94,94,87
39,39,67
93,93,66
79,79,33
34,34,6
26,26,4
33,33,29
24,39,39
12,12,37
53,53,83
88,80,80
20,20,84
47,47,96
98,98,64
25,25,3
45,48,48
25,25,20
61,61,99
56,56,96
68,68,33
27,27,80
13,13,58
92,92,14
12,12,55
46,46,11
76,76,90
67,67,76
27,93,42
2,2,11
78,69,18
48,48,89
3,3,74
98,98,11
20,20,7
8,8,79
43,77,77
57,57,0
63,63,31
7,7,79
10,32,32
47,96,96
46,46,2
52,52,47
90,90,81
69,69,75
78,41,41
15,15,31
78,78,99
29,22,22
61,61,99
5,5,58
30,91,91
86,86,25
85,85,69
33,33,65
10,10,61
44,30,93
34,34,38
24,24,74
56,56,40
61,16,16
62,62,53
38,38,42
72,30,73
44,44,93
53,53,51
7,7,14
38,38,96
17,17,68
40,89,89
91,11,11
83,53,53
82,82,92
10,10,22
21,21,90
30,30,73
65,50,63
47,52,52
57,57,32
16,16,9
81,81,89
30,95,95
72,72,3
96,96,52
88,88,96
62,62,45
95,73,73
27,18,18
61,61,22
2,35,35
50,50,74
21,21,78
87,87,13
5,25,25
69,69,73
37,37,89
59,59,44
0,0,53
78,44,44
20,25,25
85,85,58
54,54,70
53,83,0
73,30,93
69,69,76
3,3,42
35,35,75
49,49,33
33,33,96
73,95,67
99,99,78
97,97,3
89,89,85
3,31,31
54,54,84
90,90,37
45,44,44
11,11,98
1,1,91
51,51,92
28,28,12
79,44,44
47,52,52
54,54,61
83,16,16
40,40,86
14,14,18
26,26,7
27,27,93
12,12,18
42,42,88
44,27,27
29,29,93
59,59,96
8,8,46
17,17,37
56,56,79
46,11,11
80,80,77
1,1,91
82,82,62
51,51,33
34,34,42
86,86,93
96,52,52
86,86,20
93,93,63
38,29,15
20,20,25
19,89,89
2,11,0
20,25,25
91,91,44
55,38,38
65,65,34
64,64,42
90,90,13
70,70,96
34,34,88
11,11,46
55,26,26
68,68,60
52,59,59
6,6,45
79,79,36
22,22,88
22,22,11
86,86,16
10,10,61
1,1,10
75,75,77
48,48,41
5,5,84
90,90,12
67,69,77
99,99,67
33,37,37
82,82,92
76,76,73
51,74,74
92,62,62
65,65,36
77,77,57
70,70,51
12,12,49
91,91,73
83,53,53
95,95,30
48,48,41
52,52,47
30,95,95
49,49,17
11,11,35
3,3,21
17,17,37
80,38,38
94,94,76
29,55,55
87,87,94
49,49,76
64,64,93
57,57,38
42,42,63
95,73,73
28,28,10
16,16,86
99,75,75
46,46,11
31,31,42
25,25,24
2,2,11
95,95,30
21,21,3
83,53,82
59,59,52
56,56,79
28,28,86
17,17,85
53,53,0
71,71,23
7,7,6
94,94,40
53,53,53
89,89,85
10,57,77
28,28,9
7,7,0
36,50,50
79,33,34
53,53,83
87,87,16
43,43,26
76,76,17
69,69,75
22,22,16
17,17,49
6,6,89
53,53,0
68,68,90
44,44,91
89,89,18
15,15,43
80,3,3
45,45,57
95,95,30
37,37,13
80,80,65
28,28,40
13,25,60
23,23,9
52,52,59
24,24,7
21,75,33
55,91,91
99,99,39
98,98,95
21,21,15
59,59,47
9,9,7
81,81,90
88,88,42
93,93,13
61,61,26
17,17,76
44,44,93
49,49,33
81,81,13
78,78,16
94,94,40
40,40,28
60,60,49
80,27,55
58,89,89
4,52,52
88,88,42
18,18,55
24,24,45
36,36,50
26,26,77
74,74,63
88,88,42
56,56,44
3,3,64
65,65,8
0,0,83
43,43,42
22,25,25
47,47,42
65,30,30
22,87,76
69,69,23
9,9,86
78,78,44
4,4,26
69,69,76
46,46,11
97,97,34
29,29,44
18,18,44
64,64,3
98,11,11
65,65,80
36,36,50
94,87,86
84,84,26
91,93,93
20,20,5
36,36,67
50,74,63
76,76,63
29,29,80
63,63,66
6,6,48
30,30,4
99,99,76
55,78,93
21,90,90
38,38,64
83,83,62
67,67,73
31,31,29
49,49,26
39,39,92
66,66,42
66,66,29
53,53,53
54,54,70
41,41,35
36,36,50
61,61,22
88,88,6
30,69,69
19,19,66
95,30,30
41,41,75
89,89,8
19,19,3
46,46,11
78,83,91
37,37,17
31,31,96
22,22,22
2,2,11
78,78,99
13,58,58
73,73,95
51,51,66
95,95,30
2,9,9
38,38,88
98,98,44
28,28,40
18,45,45
42,42,34
7,7,66
88,88,42
61,61,32
12,12,81
8,8,87
92,92,14
41,41,58
33,33,42
65,65,75
17,17,37
51,99,99
99,99,76
35,98,98
67,95,76
63,63,74
63,63,36
9,9,69
58,58,89
96,96,59
77,77,78
1,1,36
36,36,1
53,53,83
83,92,92
13,13,58
98,46,46
21,21,41
35,35,2
39,39,63
49,49,27
81,81,90
35,35,64
3,3,4
77,77,78
89,89,90
30,30,95
85,85,12
59,52,52
48,48,8
98,35,35
38,38,19
80,72,72
39,39,17
82,82,87
43,43,42
12,12,76
21,21,11
18,18,79
25,51,51
5,5,25
25,25,89
63,63,74
78,99,99
4,43,43
40,40,84
29,42,14
15,15,38
39,23,23
49,49,23
93,95,95
39,39,39
77,6,6
69,9,9
53,53,53
64,72,72
12,12,76
57,57,15
5,5,25
17,17,37
97,97,66
37,37,17
48,48,8
79,79,64
5,5,84
83,83,57
16,16,10
41,41,89
48,48,45
54,54,6
79,79,8
67,67,3
73,73,10
0,0,57
19,19,15
14,14,91
29,19,19
84,20,20
48,48,8
36,36,50
76,76,63
95,95,93
20,20,12
59,59,56
57,57,83
67,63,63
6,79,66
71,71,95
21,21,31
7,78,78
91,91,40
92,92,87
87,87,89
91,30,95
16,16,98
86,86,63
58,58,13
89,89,41
97,97,34
83,83,39
72,15,7
85,56,56
41,87,90
3,3,55
20,20,84
10,57,63
74,74,80
49,49,60
63,18,18
91,91,18
56,56,59
92,92,54
19,19,31
64,67,67
28,28,10
11,31,31
41,41,75
81,89,89
90,90,89
89,89,41
86,86,95
22,22,79
41,41,25
50,65,65
27,27,91
87,87,28
21,21,3
34,1,1
36,36,65
90,90,13
94,94,22
71,71,0
31,38,63
62,62,92
95,95,67
33,33,96
38,38,42
95,95,72
41,41,10
24,24,7
89,89,58
15,15,55
81,81,5
8,8,89
48,48,8
30,30,95
52,47,47
79,79,26
20,20,25
68,68,90
16,16,9
78,78,22
45,86,86
31,15,15
66,38,2
52,52,47
43,43,42
20,20,46
98,35,35
24,24,74
71,71,76
49,49,17
44,1,1
46,46,27
62,84,0
22,39,44
11,2,35
89,89,90
99,78,78
73,27,27
26,26,45
53,57,57
10,10,28
41,41,89
12,12,90
2,2,8
4,4,38
39,86,67
19,19,34
56,56,79
74,63,63
79,79,56
73,73,63
46,98,98
3,3,80
22,22,61
6,6,88
59,56,56
54,14,14
87,87,28
2,35,35
87,87,86
49,49,67
91,91,32
37,85,85
53,36,57
51,51,59
7,7,43
99,99,39
13,58,58
25,25,2
66,66,55
80,80,59
22,39,76
73,75,75
83,62,41
14,14,75
42,42,38
86,86,25
22,22,10
90,90,89
74,44,44
24,24,6
84,84,44
91,69,69
97,97,34
88,88,34
4,4,63
26,26,45
22,22,99
19,19,97
67,67,14
73,67,67
84,10,41
98,21,21
6,6,82
35,35,33
29,29,15
51,51,44
59,59,29
62,62,92
60,60,82
68,68,60
44,44,26
83,83,0
0,0,57
41,41,33
90,68,68
48,48,8
82,6,6
67,67,76
28,10,10
28,28,67
71,71,23
79,79,44
43,43,42
17,49,49
5,5,81
17,17,37
7,18,18
84,84,5
57,57,53
27,99,99
57,57,0
68,68,84
26,26,45
59,59,47
4,4,63
87,87,90
99,99,16
3,3,15
66,39,39
38,65,65
15,15,57
75,75,66
20,20,84
47,47,52
0,0,59
14,14,26
85,12,12
62,62,47
55,55,34
63,63,4
69,69,76
3,3,63
77,72,72
73,73,67
38,38,34
59,31,31
52,52,47
84,89,89
37,37,12
60,60,18
21,21,78
96,47,47
68,12,60
16,16,5
19,19,38
40,40,51
70,70,92
61,61,22
10,10,51
57,57,51
81,81,37
68,68,12
12,84,84
10,84,84
38,43,43
10,61,61
47,47,45
76,76,49
11,11,35
72,72,55
23,23,30
1,44,44
14,3,32
31,31,76
30,30,76
93,80,51
54,54,70
9,9,40
15,15,19
2,2,11
26,26,45
65,65,51
32,91,91
12,12,17
58,58,44
73,67,67
76,76,69
95,95,30
67,67,73
95,95,30
26,26,84
92,70,70
47,47,78
84,27,27
29,80,51
51,51,92
44,44,99
45,83,83
60,60,49
34,34,88
97,97,10
1,91,91
93,93,27
97,97,42
19,38,38
19,2,2
92,92,62
69,29,27
65,65,25
95,95,30
78,78,77
5,5,84
34,65,65
76,76,49
25,9,9
50,50,74
30,30,95
69,69,23
59,59,52
34,34,88
77,77,51
46,11,11
66,66,65
31,31,19
73,95,95
87,87,85
90,90,35
18,18,9
6,79,79
38,38,55
81,81,90
25,25,1
81,90,90
64,50,50
70,70,98
37,37,17
76,76,49
31,31,15
0,0,83
90,90,81
32,1,1
5,5,20
56,37,37
41,41,41
80,80,36
5,20,20
52,59,59
51,66,66
25,25,5
20,98,35
61,61,78
98,98,35
20,20,40
32,67,67
35,35,22
5,5,90
72,30,30
61,61,10
43,43,42
58,58,89
36,36,72
99,99,61
60,60,63
70,70,92
38,38,36
59,59,47
26,44,95
56,56,79
78,78,99
83,83,92
23,23,60
52,52,47
32,32,55
54,54,70
33,33,47
61,61,22
49,49,59
53,53,83
15,15,19
50,50,74
3,3,21
12,12,81
86,86,72
55,80,18
58,58,89
5,5,89
30,30,95
26,45,45
10,25,25
0,0,61
11,2,2
9,86,86
33,33,96
53,53,83
33,33,45
94,94,51
46,3,3
99,99,8
34,34,80
1,1,36
17,76,76
63,63,74
69,69,95
66,66,97
37,37,81
67,67,73
40,40,9
93,93,67
24,24,7
82,82,13
23,23,67
30,30,73
66,66,75
30,67,67
11,11,35
11,11,35
94,94,18
88,88,45
37,19,19
29,34,34
46,46,35
95,95,30
54,54,54
41,41,41
6,6,79
19,19,3
22,22,61
3,3,14
32,32,51
55,55,15
53,53,40
72,72,3
33,33,96
20,20,12
63,63,64
12,12,76
64,64,50
23,19,33
22,16,16
75,75,21
8,8,38
33,96,96
66,66,7
55,55,32
72,72,15
73,73,91
84,84,45
13,13,81
96,96,59
65,65,34
22,8,8
0,0,53
19,19,90
80,64,64
23,69,95
85,85,89
68,68,18
86,86,16
37,37,81
81,68,68
35,11,11
98,98,15
8,8,79
23,23,60
76,76,69
74,74,50
89,89,58
60,60,27
69,69,63
96,96,52
32,32,63
29,29,31
64,65,65
9,9,10
16,16,9
0,0,1
74,65,65
17,17,80
54,54,80
62,62,53
6,6,27
34,34,88
65,64,64
8,8,37
46,46,8
67,67,32
53,53,0
23,85,85
78,78,26
61,61,10
26,26,45
64,64,29
25,25,87
70,70,62
96,47,47
67,67,93
22,22,86
45,45,32
65,84,81
96,96,63
79,79,34
23,23,49
76,76,17
26,99,4
57,39,39
16,16,25
64,64,78
34,34,43
82,82,7
66,66,50
83,83,53
72,4,3
71,71,12
9,16,16
60,60,63
35,2,2
43,43,42
29,29,34
93,72,4
58,58,89
94,94,40
5,5,25
83,83,57
92,62,62
26,26,1
39,39,25
86,86,10
93,1,1
16,16,76
85,85,90
27,27,26
76,76,90
89,89,93
42,42,88
18,18,59
14,14,7
4,55,13
73,67,67
71,23,23
20,20,5
20,8,8
16,78,84
51,51,14
88,88,97
5,25,25
25,25,17
64,49,49
59,59,27
77,77,51
22,22,22
3,3,74
68,60,60
28,28,18
44,44,78
13,13,81
73,73,67
98,98,35
52,52,47
44,91,91
99,99,78
17,49,49
31,3,3
50,62,62
87,87,5
44,44,78
85,85,5
58,58,13
57,57,53
45,45,14
28,94,94
5,5,84
11,11,35
81,81,13
46,54,54
67,73,73
96,96,47
69,69,63
19,4,24
55,72,72
75,75,51
31,31,21
97,97,38
66,4,4
51,10,86
71,71,54
29,29,80
4,63,63
89,89,85
99,75,75
67,67,27
39,39,39
52,52,59
59,59,52
12,12,81
96,96,52
16,25,11
36,36,63
64,64,34
27,29,29
81,81,41
37,37,81
11,11,2
85,85,12
50,97,97
35,30,30
78,78,99
6,54,54
72,7,7
70,70,92
74,74,7
42,42,88
0,0,0
41,41,58
39,39,7
87,87,94
80,80,27
44,44,18
47,47,52
95,95,72
10,10,61
21,21,98
63,63,93
55,55,4
69,69,12
20,20,51
85,85,12
78,41,41
23,23,63
13,13,58
92,92,18
98,35,84
84,84,19
75,75,3
10,20,20
4,4,35
52,52,59
55,55,72
61,61,48
89,89,3
57,57,40
50,51,51
42,42,38
40,40,22
91,91,73
88,42,42
73,22,22
49,49,67
20,20,20
2,35,46
16,16,86
26,45,45
91,91,91
88,88,16
85,85,89
28,28,40
27,27,74
83,83,53
54,54,54
65,38,38
71,71,51
77,77,18
13,13,58
56,33,33
76,76,69
37,37,17
3,64,64
72,66,66
63,63,34
46,46,21
75,75,3
90,90,85
26,26,7
60,60,82
49,49,27
50,50,74
15,15,17
2,11,11
78,78,99
94,94,16
86,86,9
25,25,84
11,11,2
13,13,90
4,4,3
40,57,57
47,59,59
44,44,99
90,90,60
95,95,30
78,18,18
7,7,44
78,90,90
39,39,22
40,71,31
69,69,76
72,72,3
64,64,65
47,47,96
60,68,68
78,78,66
36,36,74
75,75,19
36,36,50
82,82,62
88,88,42
38,38,42
36,36,63
81,81,90
72,77,77
50,50,63
2,2,42
52,96,96
68,68,12
44,44,18
6,6,79
53,53,0
56,56,59
32,32,26
46,11,33
34,34,97
83,57,57
74,74,4
19,29,29
43,38,42
77,35,35
87,87,86
26,26,29
63,63,42
5,25,25
79,79,82
85,85,89
38,38,80
80,44,44
59,59,59
5,5,25
73,69,76
32,32,67
15,26,26
24,24,14
93,88,89
2,2,98
88,88,50
49,49,73
11,11,35
38,38,31
62,62,70
7,7,90
6,6,45
61,61,22
27,27,63
5,12,12
41,41,11
37,25,25
10,10,51
43,43,42
69,23,23
21,21,3
73,95,95
68,68,12
88,88,42
10,16,16
65,65,36
4,50,50
47,96,96
59,59,66
20,20,25
35,83,83
2,11,11
88,88,42
83,83,62
72,55,55
4,27,27
3,50,50
60,60,42
82,82,62
61,61,32
68,68,60
92,92,6
22,70,70
84,84,89
87,87,94
32,32,91
91,91,1
38,34,34
36,36,51
9,9,40
63,63,66
57,83,83
50,74,63
97,38,38
27,42,42
34,34,80
69,69,63
1,1,32
82,82,92
13,90,90
84,16,16
15,15,29
97,97,66
22,22,91
27,33,33
18,18,27
79,79,56
98,98,21
74,74,4
97,97,38
13,58,85
78,26,26
88,82,82
98,97,97
78,44,44
5,5,25
4,4,74
17,17,37
60,60,96
44,44,73
69,89,89
53,53,1
37,37,90
82,82,62
44,44,18
3,3,43
24,24,7
27,18,18
6,6,88
38,38,66
35,46,46
21,21,15
0,0,57
16,10,10
84,84,78
11,11,35
41,40,90
98,11,0
89,89,90
99,99,63
31,31,3
46,46,98
68,68,33
47,59,59
47,52,52
11,11,2
95,95,67
70,70,92
23,71,40
58,58,13
50,74,74
27,27,72
8,8,48
47,47,96
27,27,55
3,3,15
68,68,60
53,53,1
34,3,3
68,68,33
96,96,59
53,83,16
19,19,34
70,70,53
21,21,72
90,90,46
11,11,2
21,21,80
4,38,38
1,1,91
53,53,57
29,29,77
93,93,95
14,14,18
91,91,32
71,71,23
88,88,42
98,35,35
89,89,85
27,27,93
71,71,60
64,50,80
94,94,9
61,61,10
20,20,85
83,83,62
3,78,78
38,4,4
99,99,41
5,5,12
11,11,2
84,5,25
88,16,21
6,7,7
67,67,77
5,5,39
31,31,3
65,66,66
59,59,96
30,30,95
97,97,66
64,55,55
46,11,11
22,22,72
51,51,93
25,84,84
18,18,45
78,78,99
56,8,8
88,6,18
24,24,74
5,5,84
22,22,16
15,15,72
67,67,76
15,15,34
2,2,5
60,60,23
41,41,89
11,97,97
70,70,92
76,76,17
81,13,19
89,89,31
24,85,85
30,30,73
50,50,4
0,0,57
75,75,90
63,77,77
9,9,57
36,36,50
20,20,25
7,84,84
74,74,50
24,24,45
73,73,91
32,67,67
35,35,2
82,82,6
87,87,39
31,31,3
14,14,79
73,73,23
47,96,96
65,57,57
77,77,91
51,51,97
61,61,10
30,30,95
32,46,46
66,65,65
29,29,42
97,97,42
16,16,86
0,0,63
82,82,63
43,80,80
23,23,73
89,89,90
9,9,16
16,16,76
68,68,12
2,35,35
45,71,71
44,44,27
23,23,73
38,65,65
56,82,82
40,40,49
35,35,98
73,74,74
0,0,51
88,88,56
23,23,76
7,7,62
42,88,88
77,32,93
9,46,91
35,98,98
96,96,33
83,83,92
94,40,40
3,3,15
90,90,81
75,35,78
38,27,27
14,14,51
71,71,60
36,36,80
3,19,19
78,78,66
21,21,3
13,13,90
48,48,61
83,83,0
50,50,44
79,79,33
55,73,73
33,33,76
21,21,72
60,60,33
8,8,46
84,84,20
92,54,54
6,6,88
51,44,44
25,20,20
27,27,90
86,86,20
27,55,74
8,8,48
21,21,46
12,13,13
44,44,26
75,75,95
27,27,51
50,74,74
80,80,34
54,54,6
94,94,16
48,48,8
41,41,41
53,53,83
14,14,25
55,72,79
53,62,62
12,12,85
7,6,24
46,11,11
95,95,72
38,38,80
67,67,73
0,0,0
72,72,95
11,11,2
27,27,18
1,18,18
73,73,10
25,25,3
47,47,52
42,10,10
75,75,44
81,81,13
69,69,63
10,10,4
24,18,18
87,87,40
35,46,46
69,69,95
86,16,16
59,52,52
84,84,10
63,31,31
86,87,93
23,23,33
82,82,89
14,14,82
10,16,78
26,26,45
62,54,54
6,6,27
10,10,26
17,17,37
76,76,18
56,56,96
63,3,3
85,85,81
99,40,40
64,66,66
7,7,24
42,42,43
24,24,7
13,13,12
6,6,79
37,37,81
16,16,87
33,37,37
48,48,41
44,44,34
80,26,63
19,19,14
82,82,6
46,46,11
33,33,63
31,31,38
86,86,20
59,71,71
3,3,42
9,9,9
57,57,36
54,46,46
43,43,19
35,35,11
93,93,27
62,62,70
88,88,42
64,64,42
78,78,99
45,35,35
36,36,80
1,1,10
43,43,51
34,34,36
71,71,60
87,87,9
39,39,76
18,18,14
57,57,39
67,73,73
4,4,42
73,73,99
41,41,48
76,76,40
73,72,72
43,43,46
94,94,84
25,13,90
63,2,2
71,71,82
15,15,85
52,52,47
38,38,66
30,30,91
64,50,50
30,30,27
23,23,63
35,2,2
74,74,63
36,36,50
76,76,12
96,96,47
17,17,37
31,31,3
76,76,40
88,88,35
3,21,40
63,63,66
2,2,98
77,77,26
49,49,17
92,92,70
17,17,9
80,80,97
89,6,6
3,3,31
88,88,6
26,26,61
41,41,85
79,79,18
32,32,95
62,79,79
55,48,89
20,20,5
98,98,35
26,26,45
17,17,76
1,1,67
32,86,86
43,50,63
85,85,17
72,41,41
59,59,96
24,24,7
13,13,81
31,21,32
14,14,26
42,42,66
40,40,93
33,33,16
20,20,25
68,68,33
23,23,67
62,70,70
24,24,7
55,55,80
10,26,45
22,22,61
70,70,47
79,79,64
73,30,30
45,45,44
84,84,32
9,9,76
70,70,54
96,52,47
97,97,38
33,59,59
67,30,72
21,66,66
90,90,37
62,70,70
57,57,72
25,25,12
54,54,79
69,69,40
40,83,83
41,41,89
93,72,72
9,9,41
83,92,53
7,99,63
25,20,20
13,58,58
90,90,85
16,16,9
12,12,69
48,48,8
50,50,15
37,37,17
49,49,17
60,68,68
36,36,65
37,37,9
39,39,22
65,65,21
91,91,32
70,70,45
90,90,89
99,24,24
10,61,32
4,74,74
21,55,3
48,48,8
36,36,67
31,31,38
66,66,97
5,45,45
92,92,70
93,44,99
60,25,82
50,50,27
93,32,32
28,41,41
49,49,76
32,32,11
79,79,26
98,98,35
86,86,39
30,93,44
64,63,63
18,63,63
44,44,45
13,13,89
99,99,95
27,27,4
69,69,3
87,87,16
6,6,35
22,22,61
50,50,74
90,13,13
71,76,76
20,83,0
91,91,27
90,90,81
71,71,73
49,49,33
42,42,12
57,57,83
20,20,25
63,63,42
67,67,73
12,19,44
91,91,32
39,39,61
20,20,44
73,73,30
52,52,96
69,69,95
56,56,96
10,28,95
51,26,26
44,44,98
62,92,92
62,6,6
43,43,3
30,30,93
6,18,18
99,99,61
35,2,34
79,79,38
35,11,11
9,40,40
20,20,95
79,79,28
15,15,19
87,87,16
37,37,84
20,20,10
60,60,39
33,33,17
67,67,93
92,14,70
73,99,99
88,88,34
38,44,80
90,90,89
70,70,62
77,45,45
84,84,37
16,16,28
18,18,78
80,80,64
51,51,92
42,42,66
68,68,81
18,18,55
24,24,7
19,72,27
6,80,18
57,83,83
21,21,31
42,42,88
39,39,57
10,10,61
20,20,84
9,9,89
4,72,63
51,51,77
1,1,62
14,14,83
53,53,57
7,7,3
60,60,12
53,53,14
90,90,81
43,43,88
62,62,62
38,38,34
76,76,17
84,84,28
46,31,3
32,32,35
54,54,50
34,34,38
29,34,26
65,65,61
72,25,3
65,14,14
10,16,16
25,5,5
7,7,14
48,48,41
90,90,81
94,94,84
42,63,63
4,93,93
55,4,33
99,44,44
68,68,17
6,6,54
24,24,45
82,82,63
43,43,42
71,49,23
31,31,29
75,78,78
26,45,45
49,49,12
98,98,21
25,25,84
62,79,79
73,1,91
2,35,35
81,81,90
99,99,60
11,11,35
31,31,21
82,82,62
56,56,33
3,3,31
88,42,42
62,62,82
8,8,46
73,67,67
20,20,31
44,68,68
80,21,21
89,89,13
0,0,53
23,23,32
16,16,86
96,96,52
24,50,38
26,26,44
93,91,97
6,98,98
53,53,53
93,40,40
19,15,38
49,49,33
11,35,35
45,39,39
27,27,44
26,26,45
82,82,38
84,84,10
28,28,67
1,1,62
56,56,33
26,79,79
57,57,63
60,60,82
18,65,66
55,19,19
71,23,23
56,56,59
47,52,52
21,21,72
36,64,64
9,9,16
41,41,27
24,24,7
75,75,66
5,5,25
32,32,35
12,12,60
57,57,67
84,84,86
76,76,73
65,65,14
12,12,60
21,21,66
23,71,33
76,76,67
29,29,44
57,57,0
75,75,67
32,32,67
25,25,9
96,96,52
56,56,59
49,49,44
8,8,22
19,19,31
98,30,30
39,39,57
71,71,39
46,46,98
3,3,15
41,41,18
64,65,65
37,90,90
8,8,48
13,13,81
99,99,78
31,29,29
35,11,11
52,52,96
73,67,67
89,89,8
2,2,35
54,54,79
97,42,42
73,73,95
95,95,27
1,1,84
12,44,44
0,0,83
51,7,7
23,23,60
73,73,67
72,72,34
83,53,53
74,38,38
1,1,93
12,12,5
38,38,42
51,51,44
29,29,15
77,74,45
44,44,79
18,98,46
10,92,25
16,67,67
43,34,34
0,0,57
7,7,26
70,62,62
17,17,37
3,3,72
6,14,7
83,70,70
65,72,57
0,0,53
46,11,45
85,85,40
62,62,14
18,18,33
81,81,90
40,40,78
48,48,8
4,4,93
2,46,65
21,21,55
24,24,36
95,95,30
53,53,51
89,89,58
50,64,64
35,35,11
98,35,35
32,32,92
58,58,13
97,65,65
56,56,59
78,78,22
60,60,71
79,79,7
84,10,25
28,28,22
46,11,2
90,90,89
43,43,42
9,9,63
42,42,3
84,84,45
59,59,96
27,44,44
17,17,37
62,62,51
23,23,73
31,31,59
11,11,35
48,48,8
82,62,62
87,87,76
28,40,40
14,44,44
99,99,51
13,13,86
66,15,15
35,2,2
42,21,21
20,20,74
2,35,35
16,16,9
68,68,90
23,23,76
93,93,35
79,79,80
87,87,86
41,41,85
2,98,35
96,96,47
39,39,86
49,49,59
57,57,16
96,52,52
12,12,85
38,38,19
65,65,66
39,39,33
93,93,73
83,83,57
32,32,1
19,75,75
8,8,40
53,53,83
69,69,76
72,72,32
23,23,60
29,29,55
43,43,15
88,88,42
11,11,35
96,96,33
62,62,70
54,79,79
2,35,4
73,73,67
34,34,88
48,48,8
34,34,38
34,34,88
94,94,76
88,88,42
67,67,32
71,71,60
97,97,63
7,7,24
35,11,11
77,28,28
95,30,30
44,44,45
45,45,5
27,27,73
80,80,38
84,84,94
99,99,95
52,47,96
92,70,70
70,70,51
16,16,18
88,88,43
25,25,86
58,58,41
79,79,18
54,54,92
73,73,76
50,50,51
47,52,52
51,93,93
78,78,29
26,45,45
50,50,63
17,68,68
86,40,95
72,32,32
87,37,37
34,34,88
47,56,52
25,20,5
72,84,77
29,29,15
95,95,93
86,86,39
92,82,82
78,78,99
3,21,21
28,28,51
58,58,13
66,66,7
78,9,18
38,38,56
22,78,78
66,66,75
95,95,55
45,93,93
97,97,34
65,67,91
54,54,92
71,56,12
70,70,51
80,80,74
85,85,58
28,28,40
41,41,41
71,71,76
64,14,14
75,75,14
90,90,81
7,7,79
37,37,17
23,23,67
54,54,84
84,89,89
86,86,6
8,8,48
22,22,61
51,51,40
75,75,3
26,26,43
11,46,35
3,73,73
46,46,11
64,65,74
92,92,62
55,80,80
39,39,22
66,66,85
86,86,90
85,85,58
0,0,70
8,8,25
27,27,63
57,57,53
13,81,81
94,94,17
40,28,28
61,22,22
94,94,84
17,17,68
11,46,32
1,1,91
4,80,80
49,59,59
77,77,74
0,0,10
1,1,91
80,26,26
48,48,41
39,39,57
55,55,85
38,80,80
12,12,69
35,11,98
12,12,37
78,78,88
87,87,22
11,11,35
0,0,57
95,95,67
90,90,55
10,10,61
88,84,84
10,10,22
97,97,97
48,48,89
63,63,50
51,51,42
52,59,59
47,47,59
85,23,56
69,69,76
65,65,14
81,81,90
30,30,73
51,51,40
69,69,76
28,28,23
4,55,55
31,33,33
97,97,88
48,48,6
64,64,63
80,80,65
0,0,53
0,0,67
5,5,76
45,45,26
13,13,81
90,90,16
85,85,32
56,13,13
51,51,77
34,72,72
44,44,84
91,91,74
85,85,58
56,56,45
10,10,9
46,35,35
93,73,73
77,77,79
81,81,13
82,82,62
18,42,42
66,66,64
56,56,96
49,49,37
0,0,57
70,70,10
63,63,66
99,99,77
14,14,79
5,5,25
26,26,45
24,24,75
86,86,39
64,64,55
55,55,24
1,1,93
94,94,76
74,74,63
6,6,45
25,25,12
52,47,47
90,90,81
5,5,87
40,40,67
41,41,35
49,49,67
76,76,69
19,19,64
44,12,12
49,49,76
57,57,76
85,85,58
63,63,72
91,91,73
63,63,97
94,94,9
55,55,4
59,59,14
21,21,72
59,49,49
47,47,52
31,72,78
60,60,27
44,27,27
25,25,90
11,11,2
97,97,65
96,96,52
3,38,72
46,98,98
85,85,38
56,56,59
34,34,50
50,90,90
41,41,89
87,87,86
38,38,97
83,83,18
45,15,15
77,77,80
15,15,38
47,47,96
68,68,33
46,46,11
87,87,5
61,10,10
69,69,76
49,49,76
86,86,78
89,89,90
36,36,50
59,59,52
67,73,73
54,92,92
72,72,55
3,3,25
62,62,26
60,60,94
97,97,55
40,40,76
69,69,76
4,72,93
94,94,16
65,38,38
39,39,18
87,87,60
48,48,8
93,79,79
38,44,66
67,95,95
26,74,74
1,1,93
10,67,67
41,41,89
47,47,33
78,99,99
87,87,76
13,13,58
11,11,35
57,57,9
45,45,91
39,39,61
8,8,5
55,4,4
21,31,31
65,42,42
97,97,66
90,90,81
98,46,46
63,63,74
78,78,44
44,44,74
44,44,18
15,15,29
53,53,57
97,72,72
13,13,58
9,16,16
75,75,66
73,73,91
84,84,11
84,12,12
48,86,86
12,12,13
25,25,5
7,7,79
90,81,81
7,7,79
55,74,74
90,90,18
86,86,22
67,67,93
54,54,1
77,44,44
60,60,23
9,9,22
54,54,92
34,34,38
68,68,12
25,25,2
71,71,60
20,20,25
89,89,90
24,24,7
84,84,5
4,4,93
59,59,47
26,26,45
18,18,27
37,89,89
98,35,35
64,97,97
74,74,63
94,94,87
5,5,67
43,43,3
97,97,45
23,23,73
93,93,67
15,72,90
17,17,37
1,1,93
58,58,13
31,29,29
8,8,99
45,45,44
28,28,66
23,23,71
19,19,42
88,88,7
87,87,13
82,82,62
26,26,45
33,33,96
63,63,42
16,28,10
13,13,37
91,91,44
76,76,40
76,76,49
38,54,54
10,35,35
70,70,92
17,17,37
78,78,21
56,56,79
75,75,91
57,0,0
79,79,14
90,90,59
38,74,74
51,51,54
27,38,38
71,71,60
96,96,33
6,6,7
40,40,51
51,51,6
47,47,96
37,37,81
41,41,41
66,66,7
67,67,32
41,41,89
82,82,92
14,78,78
23,23,85
6,6,7
98,98,46
11,35,35
7,7,18
65,65,74
64,64,55
40,96,96
15,43,43
1,1,75
29,29,44
38,38,3
75,14,14
40,40,90
31,31,15
60,60,96
79,79,26
63,63,93
6,6,79
36,65,65
31,31,15
21,21,4
52,52,96
71,71,82
1,1,36
61,26,26
34,34,3
34,34,65
77,77,1
35,11,11
37,37,90
7,7,79
70,70,92
20,20,87
93,93,44
41,41,58
92,98,45
87,87,86
46,46,89
30,30,95
30,30,95
46,46,10
85,85,12
32,57,57
14,14,45
51,51,62
24,24,6
5,5,40
49,49,67
61,53,77
89,48,48
48,48,9
98,46,46
7,7,44
94,94,10
37,37,29
94,94,33
94,94,16
52,52,59
11,2,2
61,61,51
41,41,48
50,50,74
84,84,25
76,76,95
18,18,27
64,64,50
80,80,19
62,62,1
11,11,46
41,41,75
69,69,76
34,34,97
2,25,36
45,45,6
62,62,32
87,94,94
99,99,76
45,45,24
2,2,35
27,27,44
91,26,26
19,3,3
56,56,13
20,20,5
92,70,70
54,54,57
75,75,3
9,89,89
83,83,0
27,55,75
95,95,67
49,71,0
14,14,18
2,2,35
43,43,42
96,96,33
95,67,67
66,66,44
81,33,33
9,9,77
44,44,51
99,99,44
87,87,25
79,79,33
11,46,46
59,59,49
18,78,78
62,14,14
96,47,47
94,94,5
49,49,67
47,33,33
72,55,55
26,26,45
71,71,60
76,76,59
21,21,3
81,81,13
30,30,72
99,99,78
64,64,36
92,92,83
0,0,53
6,27,27
74,74,50
82,82,14
13,12,12
69,69,87
8,8,12
3,3,31
74,74,50
89,89,18
11,46,46
16,61,61
92,92,51
79,79,33
86,86,55
72,64,64
95,95,67
38,38,88
42,42,80
65,65,32
61,99,22
68,68,77
17,17,37
41,41,85
49,49,33
20,20,67
4,4,42
75,75,74
48,48,41
13,13,58
60,60,33
67,65,65
62,62,92
17,17,37
37,13,13
32,42,42
59,59,85
59,59,17
38,38,65
70,62,62
79,79,76
11,46,46
49,49,76
44,44,27
0,0,83
26,44,44
45,45,79
48,48,8
1,1,29
33,33,96
57,57,0
10,62,62
37,12,81
97,97,88
44,24,24
43,43,4
63,63,74
55,55,77
37,37,25
20,83,83
49,49,67
19,19,29
16,16,22
26,30,30
21,21,3
79,73,73
40,40,51
68,68,67
74,97,97
95,95,67
46,46,11
94,94,16
68,68,81
13,13,81
22,61,61
83,83,62
46,84,61
74,74,88
35,35,2
60,60,87
11,35,35
21,21,19
34,34,80
39,39,57
65,65,19
13,81,81
20,20,45
21,21,55
99,99,78
68,68,90
88,88,97
93,93,21
49,49,33
69,69,76
17,17,12
55,73,76
81,81,13
63,3,3
14,14,63
73,10,72
17,17,81
13,90,90
95,95,30
99,96,96
61,81,81
24,24,7
22,22,87
23,23,0
94,94,16
33,49,49
90,90,81
8,8,41
68,68,60
52,52,47
20,20,67
64,64,93
54,54,92
53,53,10
3,3,66
4,4,45
88,97,97
53,53,62
27,27,44
5,3,3
47,47,96
97,97,27
5,5,25
35,2,2
71,71,49
54,54,14
54,54,62
17,17,37
56,56,59
54,54,92
15,15,29
69,69,76
65,65,55
24,24,7
42,42,43
8,8,99
72,44,44
77,77,79
75,7,7
66,66,97
93,30,30
94,94,0
27,27,63
98,98,46
75,75,51
44,27,27
37,37,17
8,8,89
10,61,61
84,84,76
72,77,77
34,34,38
37,37,81
2,2,0
86,86,16
20,20,84
90,90,33
49,49,17
95,95,30
29,29,44
34,34,3
46,46,11
43,43,55
72,72,55
18,18,6
51,51,92
87,87,22
18,91,91
41,20,14
93,44,84
72,72,74
95,93,93
19,19,15
34,34,80
42,44,44
79,79,8
79,79,24
17,17,81
73,67,67
97,97,66
45,42,42
97,97,38
29,29,26
86,9,16
29,88,88
0,0,36
19,19,38
12,12,8
91,91,27
75,75,67
97,97,50
50,50,74
13,13,81
61,61,10
74,50,50
85,85,13
29,75,75
67,67,32
50,50,38
43,42,42
50,1,1
3,3,63
25,25,20
13,13,89
50,50,36
56,56,59
60,60,33
30,30,91
61,10,10
34,34,43
84,94,10
1,1,91
58,58,41
35,35,11
4,27,27
77,77,93
42,42,43
22,22,37
87,87,25
38,38,97
11,98,98
9,9,73
32,32,46
12,12,17
50,50,63
8,8,41
96,96,47
61,61,53
9,68,76
43,43,88
9,9,73
58,89,89
92,70,70
32,46,11
32,32,11
25,25,13
0,0,53
34,65,65
75,75,3
68,68,12
27,27,93
15,15,38
0,83,83
38,38,42
10,10,93
3,19,19
44,84,84
30,67,67
43,89,89
59,59,96
50,65,65
40,28,10
67,67,51
76,69,75
49,49,96
98,35,19
57,57,53
16,16,10
56,56,79
84,84,88
75,75,78
50,50,36
90,81,81
10,10,51
83,83,16
22,22,8
59,59,52
93,93,10
36,36,50
51,51,62
6,6,79
74,74,55
82,82,32
1,1,58
97,97,3
12,81,81
79,79,59
49,49,30
94,94,5
39,39,44
25,25,42
98,98,45
10,11,29
58,58,89
79,79,56
54,54,23
64,64,42
1,1,73
24,24,7
46,46,11
51,70,70
45,11,99
70,70,54
29,29,74
96,96,37
2,2,35
7,7,24
95,95,24
27,27,91
83,83,53
89,89,81
7,7,4
52,68,68
24,24,79
49,49,76
5,5,84
80,80,42
53,53,77
75,75,55
55,55,63
14,74,74
15,15,31
69,69,95
51,51,74
24,24,7
19,19,15
2,2,77
68,68,33
24,24,63
75,66,66
75,75,90
41,41,75
13,58,81
44,25,25
41,41,89
31,31,38
74,50,50
18,18,6
43,43,97
0,83,32
13,16,16
15,15,63
7,7,3
17,17,37
83,83,57
92,92,83
79,79,59
34,34,45
74,74,18
86,86,72
20,20,5
50,50,74
72,72,15
14,14,18
86,87,76
88,88,42
98,98,43
4,50,50
77,7,7
1,1,91
79,79,18
12,12,17
87,87,25
78,18,18
65,65,36
1,1,91
59,52,52
48,48,41
83,83,18
58,58,13
13,85,85
56,56,96
94,94,16
50,50,74
13,13,58
55,55,80
97,97,88
10,10,78
7,7,75
21,21,72
19,19,1
22,22,61
54,51,51
75,75,63
75,75,19
27,73,73
5,5,57
75,75,65
6,6,82
75,75,41
35,35,11
19,19,46
79,44,65
48,48,13
18,18,93
12,12,90
32,87,72
3,3,4
60,60,33
65,65,4
85,3,3
77,57,57
43,43,19
65,55,55
85,85,17
96,96,47
98,35,35
66,66,63
62,62,53
73,95,95
83,83,93
65,29,29
58,58,89
12,12,18
19,15,37
38,38,63
27,27,25
81,81,13
21,21,19
29,29,31
51,44,44
58,58,13
88,88,42
89,89,79
5,13,12
15,15,24
10,10,0
37,37,81
95,95,73
50,74,74
30,95,95
74,50,26
98,36,62
33,12,63
40,40,84
50,50,88
52,47,47
14,14,34
63,3,3
72,3,63
53,53,0
91,91,73
81,81,13
73,73,80
16,16,86
32,25,67
90,90,4
33,33,96
52,52,47
41,41,1
11,11,46
38,38,44
14,7,7
56,56,66
43,97,50
80,50,96
65,65,38
46,46,2
92,92,62
52,52,18
75,75,78
78,78,99
60,60,84
70,70,51
36,36,67
19,75,67
2,2,11
8,8,22
61,61,10
55,72,72
24,24,7
47,32,32
30,73,73
70,70,92
25,25,19
7,7,14
28,28,20
67,67,73
53,53,0
28,73,10
11,11,35
54,54,6
74,7,96
66,66,63
41,41,41
4,4,35
95,95,72
47,47,96
52,52,47
59,59,96
68,12,12
21,21,55
13,13,25
62,83,70
58,58,89
92,92,24
18,18,44
24,24,74
30,30,91
78,78,44
14,14,41
86,86,20
78,18,18
76,76,59
68,68,60
56,56,33
70,70,62
31,36,36
97,97,97
72,51,51
7,18,18
84,40,40
43,43,66
61,61,32
33,33,68
42,42,78
89,89,90
42,42,78
38,38,93
92,92,1
24,24,93
49,49,90
7,7,78
52,52,59
66,66,56
99,99,61
96,96,27
34,34,88
14,6,3
11,11,46
92,92,1
29,29,15
4,4,26
3,3,74
55,72,72
61,10,10
90,87,87
94,94,22
29,29,70
90,81,81
43,43,4
21,21,51
66,66,97
57,57,8
25,5,5
37,37,56
0,0,63
1,1,91
56,56,59
30,67,72
80,18,18
93,93,74
8,8,81
23,23,88
98,98,2
64,66,66
69,17,67
68,68,12
72,72,55
1,1,44
35,35,11
92,92,54
22,22,86
52,52,47
90,90,81
91,1,1
37,37,69
71,60,60
27,30,18
89,89,58
28,28,40
56,56,76
0,57,57
79,79,80
20,20,5
18,18,76
39,65,5
79,79,79
45,45,18
96,18,18
68,68,12
24,24,45
0,45,45
42,42,88
81,13,13
80,80,18
81,81,13
87,87,86
33,60,60
9,9,59
46,62,62
59,96,96
7,7,44
64,50,50
70,70,83
25,25,5
46,46,11
89,89,58
93,21,21
58,58,33
37,37,17
91,91,73
3,3,4
57,57,9
75,75,40
5,25,25
80,80,74
70,70,62
64,64,55
34,34,97
22,48,48
54,54,79
34,34,6
32,32,26
9,69,72
31,34,34
77,77,26
43,43,42
33,33,42
79,87,12
63,63,66
63,63,4
1,1,93
99,99,78
27,27,93
12,12,84
74,74,50
93,93,14
20,20,84
60,60,25
66,85,85
40,40,9
59,59,96
92,92,37
46,56,56
47,47,96
52,52,47
89,89,48
6,6,18
93,93,27
94,94,76
54,54,23
15,15,43
96,96,44
79,45,45
49,49,44
13,13,81
41,41,14
14,14,74
30,30,27
76,76,49
21,21,19
82,82,37
52,52,47
79,78,27
4,97,97
46,46,11
14,14,42
43,43,26
32,32,62
34,34,19
83,57,77
13,58,58
19,31,31
31,31,29
67,67,32
0,0,1
95,34,34
32,32,35
33,33,34
71,73,73
8,8,48
64,65,34
53,53,10
47,96,96
22,87,95
30,30,95
22,22,81
7,7,26
84,84,58
56,56,37
92,92,32
30,30,95
23,23,96
63,63,74
22,22,35
57,57,0
24,24,45
23,23,67
32,32,55
72,95,30
82,82,47
64,50,50
43,43,65
13,13,58
98,98,46
26,26,45
55,55,4
83,83,0
12,12,13
76,76,59
47,47,52
24,24,7
92,70,70
40,40,91
86,86,39
39,39,17
31,31,19
37,37,13
71,71,82
39,39,12
72,72,67
87,87,40
17,17,12
13,13,37
39,39,13
35,35,16
54,61,61
88,88,43
1,45,45
61,61,99
24,24,79
69,69,41
4,51,51
9,9,89
98,2,35
74,50,50
58,58,13
76,76,12
96,52,52
4,4,74
84,84,5
30,95,95
88,50,50
79,79,72
5,5,63
10,10,16
33,42,42
54,78,15
36,36,50
46,46,21
6,6,79
46,46,11
86,86,8
39,39,37
83,57,57
77,7,7
69,69,76
65,51,51
14,14,8
33,33,25
61,61,99
35,98,98
20,25,25
9,9,35
37,37,81
63,44,67
82,82,14
46,90,90
72,29,29
77,77,7
16,16,45
64,27,27
46,46,98
23,23,0
22,22,10
75,75,44
78,63,63
46,11,11
10,10,73
85,85,29
7,44,44
68,68,60
31,31,43
91,91,73
28,28,39
58,58,85
55,55,35
91,91,17
19,19,15
59,45,32
44,93,93
98,2,2
27,27,99
34,34,5
17,17,37
25,25,76
58,58,89
29,44,45
85,85,16
85,85,51
25,25,20
35,2,2
12,81,81
8,40,40
34,19,19
16,16,86
86,86,9
48,48,8
49,81,81
15,15,35
55,64,64
53,53,57
99,99,76
66,66,48
26,26,93
88,88,33
64,64,66
87,87,13
41,41,63
17,17,37
40,59,59
6,6,92
55,21,72
8,8,48
95,95,10
94,17,17
3,4,4
2,46,46
56,56,59
66,66,65
4,4,65
68,68,76
11,11,2
20,20,12
49,49,59
23,23,67
72,72,55
16,16,37
0,0,53
86,86,16
59,59,33
93,93,65
48,48,89
40,40,81
33,65,65
17,17,90
52,96,47
54,54,92
94,94,37
87,87,16
77,44,66
79,44,44
5,84,84
91,91,44
28,28,84
30,67,67
7,7,24
25,25,64
42,88,34
75,75,69
31,23,32
14,14,75
94,94,84
57,57,41
63,63,27
81,81,13
4,63,63
99,99,78
45,45,41
32,32,46
11,11,38
9,9,40
59,59,33
81,81,90
40,40,11
48,48,8
6,6,45
98,98,35
70,70,62
93,93,45
0,0,53
14,14,44
49,49,23
51,51,92
4,4,63
14,28,61
42,42,66
80,80,3
68,85,85
78,99,39
47,47,52
31,31,3
62,62,82
62,62,70
90,90,13
8,8,50
9,69,69
51,51,40
91,91,73
80,80,97
79,79,26
22,22,86
18,18,14
61,61,10
62,62,1
54,54,92
34,34,88
42,42,88
33,33,81
16,91,91
99,99,18
99,39,39
27,27,55
13,13,58
39,39,39
56,56,59
53,53,2
82,82,62
48,48,41
76,76,39
82,82,18
49,49,23
40,58,42
58,58,85
58,58,90
28,28,5
37,37,17
38,34,34
93,93,78
68,68,33
13,13,90
42,38,38
35,54,54
68,68,60
47,47,96
13,81,81
91,91,1
53,53,0
23,23,76
29,29,63
89,89,58
35,2,2
43,43,42
62,62,1
15,15,38
9,9,83
97,66,66
15,40,86
44,44,18
75,75,51
84,5,5
33,33,12
41,41,3
6,7,7
71,71,60
78,27,27
17,17,37
76,76,68
78,90,90
88,88,42
49,49,33
35,35,98
54,54,92
86,86,39
12,12,90
74,63,63
80,74,74
33,33,67
49,49,76
5,18,18
63,63,31
78,61,61
41,89,89
36,36,65
37,37,76
66,66,55
98,98,40
76,76,17
8,8,89
13,13,58
53,53,8
87,87,40
19,38,38
38,40,40
18,18,27
32,32,67
88,88,34
4,63,63
78,78,99
99,78,78
75,75,41
21,21,78
74,63,63
97,97,64
75,75,18
64,80,80
52,52,96
94,94,5
10,10,0
34,34,80
14,54,54
21,29,27
61,10,10
1,1,29
80,80,63
21,21,55
81,81,90
98,35,35
69,69,57
52,96,96
63,77,77
20,20,18
91,91,32
68,68,17
64,50,50
76,76,12
5,5,25
9,89,89
43,43,19
49,49,93
55,30,30
55,33,33
32,32,67
83,18,18
42,42,44
58,58,85
44,18,18
48,48,8
15,15,97
48,48,41
17,17,37
28,28,39
35,35,67
11,35,98
15,15,76
21,21,72
81,81,39
59,59,56
14,14,7
37,37,81
75,75,7
2,2,77
10,13,33
19,21,31
58,58,89
90,90,89
43,43,4
3,3,31
71,71,91
23,72,33
28,28,10
68,68,12
80,80,55
61,61,78
87,87,22
25,25,5
89,10,10
42,42,50
74,7,7
91,91,1
47,47,52
5,5,20
22,87,88
6,6,69
58,13,13
91,91,30
61,61,22
91,91,1
71,71,27
74,74,63
82,82,62
66,66,72
30,30,95
47,47,47
38,34,34
45,24,24
54,54,34
48,48,8
13,13,81
85,85,90
3,3,4
28,58,58
21,21,72
44,44,79
27,27,16
0,51,51
8,8,99
28,28,10
27,30,7
98,98,35
48,48,41
81,81,90
36,36,74
29,29,4
86,86,21
19,15,15
82,82,57
89,93,93
35,98,98
13,13,90
42,42,88
60,60,0
69,69,71
12,68,68
89,89,13
50,50,26
24,24,41
49,49,14
12,12,76
71,71,76
25,25,65
71,71,60
46,11,35
14,14,32
88,88,42
64,74,74
13,12,12
25,25,5
11,11,35
44,44,77
17,17,12
18,18,44
74,74,75
75,75,19
14,18,18
42,27,67
83,83,57
60,60,68
30,30,95
57,57,67
94,5,84
48,48,41
75,75,3
15,15,4
51,51,42
93,93,67
93,93,67
41,41,89
52,52,47
52,52,59
12,12,73
64,36,36
87,87,39
99,99,44
86,86,39
5,5,84
42,42,78
71,71,85
64,64,36
99,99,76
49,49,67
22,22,61
52,47,96
59,96,96
5,5,84
60,60,82
71,71,73
72,55,18
74,74,66
19,19,52
56,56,59
24,24,7
30,30,73
76,76,17
15,15,3
39,39,22
16,16,86
21,21,3
15,15,16
38,97,97
30,13,13
55,55,30
98,2,25
25,5,5
40,38,2
82,82,92
3,3,55
67,73,93
47,52,33
71,71,60
52,59,59
47,47,52
60,60,12
55,69,93
16,16,86
61,61,22
36,36,50
90,90,68
32,72,72
21,21,7
30,30,73
78,99,1
43,43,47
81,13,13
88,88,78
49,49,67
96,96,33
10,53,53
95,95,73
33,33,59
15,11,35
85,85,58
89,89,58
79,79,85
26,1,1
18,77,77
97,97,64
14,14,11
15,15,38
16,16,86
75,75,66
6,6,88
92,92,70
88,88,33
64,64,97
54,54,70
71,71,60
6,6,79
96,96,47
8,8,48
67,67,30
0,0,0
78,93,93
92,40,40
57,57,0
66,66,75
48,48,8
67,4,47
60,60,82
89,89,58
16,16,10
42,42,63
58,58,85
61,61,22
22,22,45
75,75,51
37,37,90
3,55,55
60,60,68
9,40,40
27,27,90
83,83,53
89,89,29
42,42,74
88,88,42
44,54,59
2,2,11
62,62,92
94,94,86
32,36,36
95,95,30
66,66,55
8,45,45
40,87,87
44,44,26
45,45,44
26,26,45
48,48,85
87,87,11
59,59,85
35,98,98
61,61,10
64,64,63
43,43,51
25,25,34
48,48,89
45,45,83
36,36,70
29,29,44
51,51,63
76,76,49
74,74,63
61,61,22
56,56,14
55,25,95
44,44,79
50,50,89
8,8,63
27,48,78
22,22,77
61,61,99
77,77,14
85,85,27
95,95,67
78,99,99
0,0,53
80,80,65
26,26,29
33,33,75
49,49,97
51,51,91
36,36,50
98,11,2
39,39,91
76,76,10
95,95,72
31,19,87
45,45,83
27,38,38
60,60,33
3,3,21
51,51,77
94,94,0
67,67,32
6,6,7
62,62,70
98,46,46
28,16,10
26,26,45
61,61,10
29,29,66
64,64,72
95,95,30
4,4,3
42,42,63
17,17,37
99,39,54
30,68,76
86,86,16
83,83,45
78,78,99
25,87,90
50,50,36
97,97,15
67,99,99
52,52,96
28,28,10
44,78,78
28,40,63
22,22,11
5,5,63
35,46,14
37,37,23
66,46,46
88,88,80
95,30,30
1,1,73
57,16,78
12,12,13
44,18,78
97,97,34
78,78,57
7,7,14
94,94,17
85,85,89
48,48,8
16,16,86
85,85,25
63,74,74
59,59,96
70,70,51
62,62,92
58,58,89
54,92,92
60,60,68
9,9,86
44,44,51
23,49,49
71,71,63
10,10,18
89,89,81
31,16,16
67,67,95
56,56,45
42,38,38
70,70,14
73,69,69
43,19,19
43,43,42
86,86,39
15,15,34
24,24,6
84,84,25
42,42,38
60,60,85
48,48,8
19,19,37
93,73,95
16,86,86
30,72,72
13,68,12
21,21,3
78,78,44
68,68,95
48,86,58
56,56,47
74,74,50
42,42,4
20,20,25
14,14,98
78,51,51
62,62,35
76,76,12
42,42,38
28,10,91
74,74,63
78,78,93
28,28,22
27,27,44
51,51,92
83,35,35
48,48,8
79,79,7
67,67,76
43,65,65
90,90,10
18,18,91
40,40,72
88,88,42
15,15,38
89,89,41
0,0,10
80,18,18
95,64,38
59,59,33
67,67,76
57,57,0
64,64,63
55,87,3
72,72,3
39,39,66
1,1,7
14,14,75
10,10,0
40,40,76
66,66,65
32,32,67
11,46,46
4,4,50
54,54,1
14,14,6
15,15,19
84,84,20
7,7,18
15,15,31
70,70,54
45,45,2
28,28,76
27,67,67
36,36,77
31,31,3
80,80,87
16,16,9
59,33,33
6,6,7
19,19,89
87,87,86
15,15,30
81,81,90
25,80,80
98,35,35
2,2,11
68,68,12
47,47,96
18,18,79
66,66,50
66,66,4
17,49,49
65,65,64
90,81,81
98,40,9
45,45,6
76,76,72
95,95,38
5,5,67
89,89,13
69,69,73
57,48,22
60,71,33
95,95,30
16,16,46
7,7,79
52,52,96
6,6,24
7,7,24
67,67,93
60,60,19
67,67,32
52,59,59
2,35,35
94,94,84
25,25,89
23,23,71
58,58,13
65,65,17
38,38,72
85,85,22
48,48,89
82,92,92
21,21,31
55,55,38
69,69,96
39,39,27
12,12,59
29,29,33
5,25,25
17,17,76
87,87,86
78,78,18
70,70,54
30,73,73
87,87,76
94,5,5
75,75,14
44,7,7
73,73,18
67,74,74
62,62,53
41,41,24
1,1,57
16,78,78
85,90,37
80,80,76
29,44,44
44,44,84
69,69,90
26,26,97
46,46,98
20,20,20
7,7,18
93,93,27
63,63,10
53,53,61
40,40,66
37,37,17
33,33,68
76,76,1
48,48,8
63,63,74
84,84,5
31,31,3
54,54,51
28,28,98
72,72,67
34,34,3
47,96,33
63,63,3
54,54,70
35,35,98
93,86,76
61,10,10
2,46,46
51,51,44
7,7,78
59,59,56
68,68,90
81,84,84
81,81,37
39,39,53
13,90,90
37,37,81
35,35,11
81,81,68
51,51,37
18,6,45
4,55,55
23,23,60
93,93,3
94,94,84
77,22,22
47,47,26
51,51,93
5,5,25
90,16,16
86,86,40
48,48,8
96,47,47
23,23,67
79,45,45
13,58,58
98,35,35
71,71,60
60,60,82
62,62,92
39,39,33
68,68,13
52,52,17
14,6,6
21,21,55
15,15,24
77,77,55
94,94,84
73,73,63
70,70,92
59,59,52
55,55,27
76,42,42
72,72,30
3,95,95
18,44,44
0,0,77
99,99,61
24,24,7
56,56,59
0,0,53
82,83,83
72,3,3
37,37,81
20,20,20
54,54,62
11,11,22
9,9,16
86,8,8
65,65,97
78,78,99
22,22,12
48,48,8
1,1,62
33,33,59
77,77,93
49,49,67
89,89,45
36,36,77
42,42,78
20,20,5
2,2,11
32,32,74
87,87,81
71,71,23
36,36,63
95,95,30
27,27,91
36,15,15
54,54,92
92,44,44
88,3,3
6,6,45
31,31,38
54,54,18
32,32,73
58,58,13
10,28,53
64,64,72
93,72,55
3,4,4
55,91,27
49,49,71
56,56,59
33,33,59
99,99,39
62,62,70
34,34,97
53,53,53
17,17,85
93,93,95
66,66,75
0,0,62
58,58,19
4,4,63
37,37,12
1,1,67
58,58,13
66,66,42
58,91,91
88,4,4
39,39,25
40,9,9
82,82,62
68,68,18
4,4,55
55,55,98
65,50,50
72,15,15
13,13,37
17,17,81
30,30,99
67,72,72
50,50,80
1,1,62
59,59,76
73,72,51
58,58,89
90,90,13
56,56,96
44,44,91
16,16,10
32,32,67
15,15,53
90,90,81
99,78,78
56,56,79
40,40,51
63,63,4
22,22,16
2,2,35
14,14,1
72,72,50
76,76,39
73,73,95
2,2,11
79,79,6
5,5,42
39,76,49
12,12,37
43,43,3
91,91,73
97,97,50
80,80,34
65,65,50
62,62,14
33,33,65
86,57,57
66,66,64
24,45,45
62,62,92
49,49,76
30,30,73
24,24,7
73,73,60
31,31,7
55,55,24
59,59,59
46,46,34
11,46,46
20,20,11
83,83,18
80,80,74
38,38,34
30,30,71
93,73,73
65,64,93
41,41,41
0,0,51
35,97,97
54,54,91
9,9,55
16,16,9
87,87,5
81,81,13
12,12,17
49,49,32
60,60,23
81,81,13
89,85,85
42,42,27
51,51,92
36,50,50
59,96,96
92,54,54
7,7,41
94,94,84
80,80,15
56,56,59
37,37,12
63,65,65
74,55,85
46,46,89
34,34,38
88,88,43
85,85,90
24,24,7
28,28,16
56,56,44
51,78,78
41,41,41
62,62,70
7,7,24
6,6,4
38,65,65
26,45,45
22,22,94
52,52,90
32,32,1
70,70,51
28,28,10
96,96,32
44,97,55
57,15,15
13,13,81
47,47,26
8,8,48
73,30,30
17,17,37
14,14,51
18,18,60
91,91,30
82,32,32
19,19,98
57,57,9
71,71,60
16,16,86
54,54,34
7,7,79
52,52,47
26,29,45
50,50,36
81,81,90
74,74,42
50,74,74
74,74,78
71,71,23
85,85,12
8,8,89
31,31,38
28,28,40
17,17,37
26,62,62
10,40,40
93,93,78
16,16,28
0,0,53
37,17,17
26,26,45
71,71,40
34,34,97
50,50,63
99,99,10
44,27,27
58,58,85
16,16,9
8,8,46
34,82,82
35,11,11
86,94,94
41,41,58
0,0,57
19,82,14
44,44,27
46,15,67
6,6,82
42,42,78
62,70,70
73,73,51
31,19,19
73,73,72
62,54,54
97,97,90
97,97,64
0,0,0
57,57,67
19,3,3
46,11,2
53,53,57
69,69,91
47,47,59
13,13,81
84,5,5
67,72,72
43,43,31
80,80,55
59,59,47
20,20,5
76,76,23
65,65,19
79,79,18
99,61,61
62,62,92
58,58,13
55,21,31
26,88,42
1,1,67
46,11,11
90,90,81
66,66,73
69,9,0
39,39,20
71,60,60
88,88,27
6,6,54
51,51,42
34,15,15
31,31,19
80,72,75
67,67,32
78,78,42
84,58,58
23,23,67
23,71,71
68,68,81
74,55,3
78,66,66
78,62,62
86,86,85
1,77,34
61,22,22
2,2,35
72,67,27
32,72,72
64,64,50
43,43,50
60,60,82
27,80,73
62,62,92
91,93,93
81,81,90
64,80,80
35,35,11
32,35,35
91,91,78
85,85,12
70,70,92
28,16,16
59,33,51
22,22,61
43,74,74
35,98,98
9,9,25
74,63,63
84,20,20
72,72,65
81,81,58
95,95,30
16,9,9
25,25,9
12,12,95
24,24,45
61,61,10
50,50,74
9,9,76
8,8,16
20,20,84
11,11,63
49,49,33
0,0,48
55,74,74
31,31,15
18,18,69
35,35,2
23,23,3
47,47,96
47,37,89
30,30,95
88,88,42
32,46,46
40,40,63
97,97,38
17,17,12
81,81,89
76,76,67
62,83,83
39,39,99
72,93,74
95,95,30
9,9,76
30,55,32
86,86,16
98,11,11
48,48,41
11,98,35
88,88,34
9,9,57
88,88,43
21,21,27
36,36,50
55,72,72
82,82,62
40,40,76
47,47,1
10,40,87
61,61,40
92,92,62
93,93,73
15,15,55
54,54,45
88,88,42
33,33,31
35,98,98
39,39,39
70,70,92
15,15,80
36,36,80
94,94,16
70,70,83
96,52,52
70,70,62
92,92,62
16,9,12
3,3,93
86,86,1
71,33,33
42,42,66
99,99,44
16,16,86
46,21,4
28,28,51
98,98,35
42,42,34
17,17,90
89,89,77
14,14,83
57,57,53
81,81,37
74,34,34
4,42,42
10,28,40
81,13,13
40,40,67
49,49,76
29,29,44
87,5,5
58,58,13
36,65,65
65,65,14
83,83,70
10,10,61
34,84,84
12,12,69
5,10,25
17,17,37
29,29,34
80,80,34
80,80,50
6,6,24
65,92,14
9,9,40
55,55,90
38,38,66
88,88,42
28,28,10
43,43,63
57,57,53
50,50,43
99,99,61
20,20,25
0,0,57
32,32,67
90,90,89
70,70,62
14,78,44
31,31,66
88,88,42
56,56,59
23,23,91
71,71,60
4,43,42
11,46,94
4,31,31
39,39,25
66,66,64
96,96,33
63,63,93
13,13,58
39,39,39
27,27,4
31,31,3
84,84,44
7,77,77
37,92,92
18,18,91
43,43,72
96,96,52
2,2,11
6,6,3
59,2,63
78,18,99
19,19,15
39,39,13
97,97,34
6,6,18
39,39,86
77,51,51
74,7,7
52,96,96
5,25,25
61,61,51
21,21,3
20,20,86
50,66,93
65,65,50
48,48,78
39,39,86
14,14,99
74,74,32
36,98,2
12,12,17
93,95,67
43,43,42
51,51,77
79,79,42
78,78,99
6,6,82
4,27,27
36,36,66
32,32,67
25,25,67
97,97,80
94,94,87
34,34,42
34,34,38
59,59,52
22,22,61
16,16,53
70,70,62
9,9,62
25,94,84
77,67,67
74,74,77
17,17,33
28,28,86
47,47,52
43,34,34
13,87,87
50,74,14
97,21,78
49,49,76
78,78,61
68,68,3
99,99,78
52,96,96
28,28,59
80,5,29
43,43,3
23,97,66
23,23,60
55,87,84
74,63,63
87,87,94
50,26,1
5,5,63
51,51,77
63,66,66
2,30,30
57,57,0
99,99,83
53,53,83
85,37,81
74,74,4
72,46,67
75,75,30
94,22,33
95,95,30
40,40,93
33,33,12
49,49,17
64,64,21
8,42,42
37,87,90
0,0,2
86,87,87
9,69,69
51,51,42
40,40,9
9,9,86
39,39,92
70,70,62
96,96,56
44,14,14
62,62,70
32,32,67
61,10,10
35,98,98
8,8,46
2,2,51
66,66,40
66,66,55
46,11,11
73,73,63
56,56,96
20,20,84
95,95,30
68,68,33
52,47,47
94,94,0
22,22,61
9,9,9
23,23,32
11,11,35
55,55,4
44,27,27
47,93,18
20,20,41
17,17,69
11,98,98
73,73,76
96,47,47
60,60,68
28,28,51
10,26,26
0,0,53
10,0,0
31,31,38
44,15,15
29,29,34
24,24,7
23,23,49
52,52,59
60,60,18
81,37,13
57,57,0
52,52,44
87,87,86
27,85,81
22,22,61
83,83,99
22,22,61
40,67,67
56,56,52
1,1,45
45,1,1
29,29,44
60,71,23
65,38,38
7,7,44
88,88,34
48,48,41
8,10,10
29,25,25
18,18,26
71,71,18
80,50,50
55,55,72
80,80,38
73,73,72
27,27,12
5,5,84
69,69,17
46,46,35
64,10,78
42,42,88
90,90,89
52,52,47
1,1,14
39,39,39
39,45,45
86,86,39
75,67,67
2,2,99
36,36,77
13,13,31
57,57,65
30,30,38
74,74,63
85,85,64
33,33,74
6,6,45
3,97,97
72,72,3
54,54,62
47,82,40
91,91,12
71,71,23
7,45,45
98,98,46
69,17,67
56,56,96
14,14,74
50,36,36
37,37,17
40,40,87
97,97,38
72,73,63
88,88,42
10,40,14
75,75,66
83,83,16
74,74,75
66,66,21
52,52,47
52,52,59
86,86,94
66,66,29
24,24,7
69,69,41
41,41,75
13,13,81
39,39,44
5,5,99
61,61,22
48,48,14
44,44,93
23,60,60
38,38,80
44,9,77
64,45,45
30,30,95
2,2,51
54,54,2
12,12,60
21,21,55
56,56,76
72,72,55
93,1,97
46,46,98
73,73,67
47,47,52
89,89,58
24,24,45
52,59,59
75,75,3
20,20,25
67,18,18
92,92,51
96,96,47
5,5,13
63,63,77
39,39,86
67,26,26
45,45,26
67,67,93
2,2,11
79,79,8
76,76,69
27,27,85
81,81,90
89,89,8
83,83,10
60,60,33
48,48,8
2,90,90
2,2,11
30,73,73
2,2,11
21,21,64
82,82,7
90,90,95
94,94,87
74,50,50
71,71,63
75,75,66
79,79,56
42,42,93
75,75,18
14,14,57
89,89,58
50,36,1
83,83,18
42,42,45
67,67,73
81,81,90
73,67,67
52,52,96
17,17,37
76,76,49
5,5,84
42,88,88
68,76,76
13,13,58
37,37,90
94,94,5
92,62,62
0,0,10
48,48,45
15,15,3
15,15,33
39,39,35
40,40,45
82,60,60
31,31,19
94,94,13
99,78,42
68,68,33
52,52,59
19,38,38
4,4,74
54,54,6
89,89,55
40,40,5
27,27,67
97,97,72
14,14,20
93,93,95
66,36,36
74,3,3
26,26,45
36,64,64
9,9,16
66,66,30
44,44,51
59,59,96
33,33,37
79,79,22
63,63,74
97,97,21
43,43,42
48,48,8
78,78,86
25,25,5
32,32,62
18,79,79
40,40,76
44,78,78
80,80,65
16,16,10
45,45,32
45,45,26
12,12,69
99,99,76
18,18,44
6,6,54
41,41,89
46,11,91
69,69,67
18,41,41
44,44,18
34,34,88
32,32,67
30,30,95
9,69,69
72,21,21
85,85,89
15,15,85
92,92,62
5,5,84
71,71,51
52,52,59
56,59,59
88,88,43
22,22,22
64,86,86
31,31,19
63,55,55
14,22,22
56,56,56
99,99,75
72,93,93
22,22,61
20,20,12
67,99,99
57,57,45
93,72,72
29,29,93
72,72,63
91,91,44
64,64,93
36,50,42
22,22,61
49,49,95
26,26,45
84,84,44
47,59,59
34,34,26
85,85,33
9,9,40
22,22,8
29,29,42
39,60,5
32,46,46
94,94,88
93,79,44
25,25,60
18,63,63
53,53,83
12,12,17
27,27,91
10,57,77
99,78,78
88,88,43
16,39,61
91,91,33
78,78,7
7,24,24
72,55,55
12,33,33
97,97,66
37,37,81
86,9,25
87,87,40
57,0,0
36,65,65
35,46,46
44,44,18
57,57,53
27,27,78
31,31,75
3,51,51
26,26,27
7,7,78
96,96,59
39,39,9
43,34,34
34,34,88
89,69,30
48,48,78
56,56,59
18,18,33
45,45,62
92,92,62
97,74,74
8,8,12
18,79,79
66,66,97
81,81,12
37,12,12
51,51,91
10,10,28
77,77,80
97,97,74
33,33,59
60,60,23
43,43,42
10,45,45
50,74,74
31,31,19
84,87,87
49,49,33
78,99,99
24,24,7
68,68,12
98,93,93
58,58,89
51,51,37
93,65,25
36,36,50
74,65,65
78,78,99
55,55,50
50,19,19
25,25,5
65,64,64
86,86,48
35,35,98
33,49,49
92,70,70
37,33,33
71,71,30
61,61,67
5,5,20
79,79,96
71,71,51
20,20,99
59,59,96
67,67,63
28,28,40
76,76,76
31,31,29
50,2,85
62,62,92
9,9,24
4,4,50
54,54,6
38,38,27
11,46,46
59,52,52
84,40,40
63,63,34
66,32,32
35,35,2
52,52,47
73,73,27
87,87,86
62,62,92
15,15,19
11,11,35
59,59,39
20,20,86
47,47,52
96,60,60
26,93,93
36,65,5
35,35,98
77,77,7
38,38,67
24,24,7
2,2,0
17,17,59
36,36,63
80,80,36
74,74,67
41,41,41
32,32,82
23,23,60
76,76,59
44,55,42
91,91,73
21,21,97
81,81,90
53,83,62
55,55,27
47,96,96
79,79,18
19,35,35
31,29,29
82,82,62
64,64,32
3,74,74
49,49,67
35,98,98
97,97,50
58,58,85
43,43,19
20,20,25
86,86,9
22,22,61
32,51,51
18,18,33
53,53,53
60,60,44
36,36,50
83,83,25
18,18,59
32,32,67
66,66,42
99,99,78
51,51,11
35,98,21
69,69,76
28,28,51
11,11,46
22,22,61
49,49,23
21,21,3
93,93,26
1,1,91
55,55,72
51,43,43
55,72,93
51,51,37
67,67,44
92,92,54
76,76,40
52,47,47
31,31,15
82,82,32
75,75,90
61,61,10
55,55,77
90,90,55
78,78,66
34,34,88
87,87,76
39,39,84
85,85,76
70,70,92
2,2,35
14,14,67
45,45,44
1,1,67
95,95,93
90,90,12
64,64,80
55,55,64
12,12,22
91,73,73
47,47,52
2,35,35
99,22,22
79,79,74
13,81,81
8,8,88
84,84,25
27,27,77
11,2,2
71,71,60
21,21,72
28,28,42
8,8,34
55,97,97
67,67,72
75,75,41
40,40,51
17,37,37
4,74,50
95,95,30
63,63,91
51,51,40
48,48,8
65,65,64
6,6,88
39,9,9
39,87,87
42,1,1
49,49,97
14,14,79
83,83,0
23,23,71
78,78,99
47,47,52
81,13,13
41,41,58
76,76,12
99,78,42
97,97,3
24,65,65
24,24,18
76,76,73
57,57,67
80,74,74
16,16,86
44,44,42
54,54,70
92,92,70
30,73,73
4,4,55
2,2,98
1,1,95
39,39,23
98,98,80
90,90,37
74,74,45
81,81,90
74,74,38
64,64,50
42,42,59
59,59,96
69,69,67
67,57,57
66,66,65
10,10,16
52,52,47
22,22,61
11,84,40
69,69,95
39,39,25
15,15,72
77,77,80
36,36,50
23,23,60
41,41,41
94,94,84
45,86,48
17,17,37
14,1,1
62,62,70
9,9,16
4,64,29
37,37,17
13,13,81
77,77,14
69,69,12
72,55,77
22,22,61
75,75,51
45,24,24
3,3,74
8,48,48
24,24,45
28,94,16
4,4,74
57,57,0
10,93,93
2,2,55
0,0,57
89,89,25
7,7,24
94,94,25
68,33,33
66,66,64
17,17,37
5,5,89
90,90,89
77,77,74
34,34,97
77,77,99
26,78,78
35,35,11
52,52,59
70,70,92
29,29,52
94,94,76
37,37,81
83,57,18
40,40,28
0,0,53
92,92,57
96,96,52
4,4,93
78,78,99
80,89,89
6,6,54
85,85,89
59,59,47
96,96,47
8,8,41
70,93,93
62,62,92
25,25,5
22,86,86
1,13,90
82,98,42
93,93,32
82,82,62
96,52,52
70,70,54
8,8,48
19,19,15
67,73,73
4,2,77
86,86,25
19,19,15
17,33,33
32,93,63
38,38,19
57,57,9
84,5,90
10,10,0
40,40,5
12,12,81
33,33,90
94,94,5
68,68,76
8,48,48
89,89,58
69,69,76
95,95,50
43,43,15
60,60,33
11,87,87
0,0,92
12,12,76
90,90,85
2,2,35
54,54,62
45,45,78
65,65,67
50,80,80
3,3,21
68,68,90
17,17,33
35,98,98
81,81,13
32,32,12
9,9,86
99,99,75
77,77,80
84,94,69
22,22,61
30,73,73
23,23,67
36,36,63
73,73,32
80,80,64
92,54,54
92,92,70
31,63,63
9,9,69
86,86,58
91,91,91
26,87,87
85,85,25
30,30,95
12,12,40
54,54,40
39,81,81
76,76,32
45,19,19
67,67,73
51,51,40
57,67,67
19,19,15
48,8,8
81,81,42
55,55,46
38,38,19
27,27,44
54,25,25
81,81,13
84,55,77
0,0,53
64,50,50
42,42,80
77,77,63
52,52,47
92,54,54
82,6,6
12,12,76
89,89,37
53,53,61
21,21,3
18,18,33
92,92,62
36,36,50
44,44,74
35,35,98
31,31,3
62,62,92
41,41,89
65,65,80
28,28,40
20,20,84
92,92,70
33,96,96
21,21,3
86,41,41
72,72,66
18,18,82
56,56,59
88,88,42
76,76,73
71,71,76
48,48,89
12,12,90
45,14,14
60,60,90
99,78,78
84,40,40
24,24,44
37,37,12
86,86,16
76,76,67
84,84,13
51,51,70
60,60,33
97,97,97
29,29,44
65,65,38
88,88,6
7,7,8
83,89,89
59,59,52
96,96,47
53,53,61
32,32,67
79,79,7
87,87,84
33,70,70
46,46,98
22,8,12
38,38,4
47,52,52
24,24,77
3,21,93
54,54,46
85,85,13
65,65,32
75,75,18
4,63,63
80,80,63
76,17,90
92,92,57
84,32,14
61,61,16
31,15,15
66,66,75
39,39,86
29,29,44
35,35,11
91,91,32
64,72,67
7,7,44
80,77,51
96,13,13
89,89,90
83,83,0
32,1,1
1,73,73
85,85,8
75,75,80
9,9,86
25,25,90
87,87,86
59,59,51
38,38,97
82,82,6
27,55,55
6,6,14
26,45,45
34,36,36
14,14,62
14,14,18
46,46,11
70,54,54
17,37,37
84,84,25
97,97,55
49,95,95
69,69,73
59,59,52
50,50,42
86,86,39
61,22,22
40,44,44
66,66,42
50,2,63
29,29,15
49,71,71
26,45,45
53,53,57
73,73,95
85,85,19
46,46,11
81,90,90
25,84,84
68,76,44
71,71,18
14,14,7
87,87,94
37,37,12
86,86,16
72,66,66
28,28,46
93,93,35
62,62,70
72,4,4
41,41,89
98,46,11
51,51,44
46,46,51
36,36,50
20,20,12
57,57,72
1,1,18
96,33,33
16,61,61
38,38,93
59,52,52
85,81,81
95,95,44
23,23,49
14,14,51
53,53,77
50,50,74
2,2,11
9,9,63
42,42,72
21,21,74
12,12,90
73,87,87
29,29,26
81,81,90
63,77,77
64,55,55
89,89,85
97,92,92
63,63,72
84,84,16
84,16,9
6,6,63
3,97,97
9,9,65
44,29,29
7,7,24
39,39,57
1,1,93
68,68,60
83,83,62
71,71,60
69,69,91
84,25,25
23,23,71
51,80,80
40,40,9
63,3,3
17,17,76
31,31,19
48,48,78
48,48,8
2,2,45
50,27,27
66,66,26
98,14,14
44,44,18
12,12,81
14,14,78
56,56,35
58,58,89
70,70,92
85,85,12
70,70,92
94,94,76
41,41,89
97,97,21
5,5,25
80,74,74
15,15,79
62,62,70
2,2,35
58,58,13
56,56,33
13,90,90
72,57,57
97,97,80
25,16,16
87,87,84
19,19,3
92,83,83
24,24,21
34,31,31
93,93,55
45,45,26
78,78,44
68,68,12
89,89,14
31,31,38
73,67,67
85,85,29
50,92,67
95,95,3
80,80,63
96,96,33
76,76,67
32,32,46
77,77,93
19,19,31
59,59,47
84,98,35
48,48,8
10,93,77
32,32,99
98,98,46
33,33,56
69,69,40
14,14,92
69,69,76
36,36,50
72,72,21
65,65,92
94,94,39
86,86,25
64,72,72
16,16,13
90,90,89
56,56,82
4,4,42
96,96,47
83,19,19
71,60,60
51,51,42
41,64,64
65,65,44
61,61,10
63,65,65
96,96,33
62,62,70
85,85,89
74,74,50
57,57,82
23,23,39
20,20,25
38,38,42
15,15,38
25,5,77
72,72,77
62,62,26
37,37,55
62,62,53
15,15,29
47,47,96
75,75,65
26,45,45
28,28,94
27,27,91
37,37,5
58,58,81
46,4,4
48,48,8
52,47,59
79,79,54
71,71,23
7,7,24
60,60,82
60,60,82
38,38,97
49,49,91
62,70,70
0,0,57
19,19,15
46,46,98
90,90,55
5,84,84
22,22,16
34,64,64
75,75,7
41,41,58
65,2,2
51,51,44
65,65,75
46,46,11
1,1,36
14,77,77
17,17,37
65,65,36
98,35,35
45,45,10
14,14,1
90,90,81
35,19,19
30,30,27
8,8,22
21,21,75
28,28,36
18,18,41
65,75,75
32,32,55
34,34,55
48,48,89
75,75,59
29,1,1
92,62,62
76,76,59
30,30,95
93,44,44
4,93,72
37,37,12
82,82,78
9,9,16
11,2,2
54,54,70
8,8,99
43,43,3
67,67,99
30,59,75
8,8,12
40,40,51
53,53,0
1,1,62
93,13,13
26,26,93
93,93,30
6,6,51
87,87,81
22,25,5
91,91,26
24,24,7
75,75,65
34,80,80
86,86,76
8,8,79
8,8,48
42,42,74
51,51,44
94,9,9
81,81,13
18,18,44
85,85,7
48,48,8
35,35,2
20,20,26
50,50,80
19,31,31
55,55,3
26,26,70
64,72,72
78,26,4
15,15,19
72,72,55
93,93,91
65,74,74
95,30,30
87,87,86
72,4,93
35,98,98
27,27,80
36,36,2
97,64,64
73,73,67
35,35,2
12,71,60
24,24,74
70,70,62
4,4,63
26,26,78
71,71,33
34,34,88
67,67,23
20,5,5
85,85,89
74,74,63
99,99,33
92,92,62
99,99,51
21,21,3
50,50,1
36,36,50
82,82,92
95,95,67
71,71,12
61,61,10
23,23,76
15,15,45
77,77,80
40,40,76
74,74,26
25,25,33
19,19,31
67,32,32
6,6,24
61,22,22
68,68,90
46,46,26
5,5,25
10,10,67
11,35,35
41,41,89
55,55,72
96,96,47
57,57,76
30,30,91
96,19,15
88,88,42
92,92,83
72,98,25
51,51,0
19,19,34
40,5,5
2,32,1
76,76,12
54,54,70
22,22,10
68,68,33
70,70,77
0,83,83
5,5,58
42,42,88
11,35,35
61,13,13
88,88,55
67,67,32
77,77,7
34,88,88
29,32,32
97,97,34
13,13,58
29,29,91
8,8,79
15,14,14
70,86,86
29,29,34
19,3,29
40,40,84
47,52,52
8,8,48
50,50,36
26,79,35
89,37,85
58,90,90
86,86,76
85,85,37
61,61,26
96,52,52
75,75,3
80,80,38
95,95,23
17,60,60
93,72,72
80,3,3
3,16,35
53,53,57
23,23,76
55,45,45
27,42,42
40,40,99
9,9,41
42,42,78
50,50,96
92,92,83
87,87,95
43,43,97
42,42,44
79,79,69
52,52,47
9,9,10
32,86,7
42,66,66
57,57,2
56,56,59
99,99,61
57,57,83
81,81,13
9,9,9
70,0,0
51,97,88
50,50,65
42,42,27
10,10,61
70,68,68
40,40,10
40,40,39
63,7,93
50,50,74
19,19,38
62,62,54
28,28,10
94,94,18
52,52,47
86,86,66
98,98,75
13,13,58
70,54,54
9,9,80
19,26,26
15,65,34
68,68,91
66,66,97
24,44,44
63,63,36
56,56,79
60,68,68
12,12,76
53,53,83
36,36,50
98,32,32
20,20,40
92,62,62
24,24,7
16,16,86
26,26,29
12,12,17
33,33,49
45,45,90
71,71,75
61,22,22
30,73,73
45,57,57
75,75,35
94,94,87
29,29,66
48,48,45
97,97,19
95,73,73
12,12,37
80,51,51
63,63,50
85,85,37
33,33,93
23,23,76
32,1,1
46,46,11
70,70,51
51,51,93
8,8,12
29,93,63
56,56,33
11,11,35
60,60,49
48,48,8
21,21,55
21,21,34
60,60,17
56,56,59
63,63,33
42,42,88
33,33,96
79,79,26
17,17,37
20,20,16
16,16,69
7,7,41
91,91,51
34,34,88
14,14,75
92,92,70
6,6,79
89,89,78
13,13,81
85,85,90
96,47,47
27,27,45
81,81,90
63,63,93
59,59,18
10,10,61
78,61,61
18,18,45
53,53,0
17,17,76
27,27,85
43,43,97
61,10,10
54,54,92
25,94,94
79,79,6
68,68,39
31,4,4
69,69,95
64,64,93
83,83,10
41,41,44
23,71,71
35,35,2
96,96,37
20,20,20
87,87,25
90,90,68
52,52,47
26,26,45
83,83,53
67,38,38
20,20,84
20,20,5
7,7,11
83,83,89
27,27,74
45,45,83
68,68,33
93,93,35
86,86,16
12,12,58
60,60,40
73,45,45
99,99,78
1,1,7
92,70,70
80,44,51
26,26,93
58,58,72
88,88,42
97,88,88
88,88,42
19,19,3
34,28,28
23,23,71
19,19,80
13,48,48
44,73,73
48,48,8
58,13,13
16,16,86
63,63,33
80,75,75
55,71,76
4,4,74
32,73,1
46,15,55
98,98,21
32,32,46
45,14,14
87,87,94
97,38,38
12,56,56
8,8,35
45,45,29
92,92,62
31,31,38
62,62,54
61,61,57
89,89,58
62,92,92
78,78,99
83,83,53
45,45,26
85,85,27
28,28,10
37,37,81
54,54,70
30,95,95
95,95,73
7,7,18
59,59,76
24,24,7
94,94,5
7,7,24
94,94,40
94,94,5
11,11,98
42,42,34
65,65,33
47,52,52
40,40,21
38,38,42
4,72,72
80,80,88
82,82,62
46,80,80
75,75,51
51,51,93
74,74,63
34,34,80
5,5,39
85,85,89
30,30,73
74,74,24
22,22,61
95,95,19
81,81,13
92,92,70
91,27,27
52,52,47
51,6,6
44,44,63
62,62,92
65,65,64
76,69,42
84,84,37
0,0,26
43,80,80
48,48,8
67,32,32
62,62,14
89,89,6
83,83,53
18,18,44
31,81,81
19,19,42
8,8,48
68,68,59
97,3,76
3,3,55
83,83,53
70,70,62
39,39,84
0,0,53
86,95,95
77,51,51
58,58,85
19,27,4
89,89,81
90,90,12
81,90,90
61,61,10
41,41,90
80,66,66
52,52,59
66,66,21
68,68,44
80,80,97
43,43,4
11,46,46
25,5,5
27,74,74
35,35,98
50,50,36
88,88,42
14,7,63
75,75,90
53,53,10
3,3,72
5,5,25
35,98,98
82,82,56
7,7,24
90,81,81
61,61,36
7,7,79
91,91,30
1,0,0
5,5,84
17,37,37
72,72,95
41,41,48
94,94,31
33,33,59
67,67,32
33,8,8
39,39,25
23,23,76
6,16,56
31,31,42
63,63,10
71,71,31
67,67,32
93,45,45
84,84,10
46,46,11
74,74,65
33,17,17
77,85,85
65,65,66
50,50,74
98,35,35
51,51,40
72,19,19
36,36,50
3,3,80
41,41,48
47,82,18
54,54,92
87,81,81
37,37,81
75,75,14
74,74,55
71,71,35
14,2,90
57,0,0
9,9,57
44,44,78
57,57,67
83,83,62
45,45,67
61,28,82
52,52,42
63,63,8
89,89,81
10,22,22
85,85,17
39,39,25
7,7,62
25,25,20
98,98,35
74,57,57
70,70,92
70,70,92
49,49,76
70,70,25
87,87,40
90,89,89
15,41,41
65,25,82
97,97,63
36,36,50
83,83,9
82,82,14
51,6,6
32,66,66
7,7,38
74,74,7
80,80,59
2,2,11
28,9,9
78,78,91
40,40,84
36,36,80
91,27,93
91,91,27
99,99,78
73,67,67
24,40,76
83,83,0
42,96,96
92,28,44
90,90,81
50,50,74
82,82,62
24,24,74
65,65,80
16,16,10
40,22,22
39,39,5
7,7,79
31,63,63
10,10,0
51,51,65
96,51,51
51,77,77
29,29,44
66,66,75
83,83,53
30,30,95
84,84,25
29,32,32
5,5,24
10,45,45
53,53,0
74,74,65
72,72,36
34,15,15
15,15,4
44,44,93
25,25,5
66,66,63
10,87,77
55,15,34
48,48,41
95,73,76
63,72,72
64,64,38
77,77,99
3,3,4
13,13,81
18,18,6
92,92,54
55,55,3
13,13,58
30,91,18
29,29,26
91,91,1
91,91,44
61,61,99
75,75,7
58,37,37
60,71,23
70,54,54
46,46,35
52,52,47
94,94,40
89,89,27
90,90,33
56,56,33
57,57,82
43,43,34
60,60,96
45,89,13
30,30,73
59,96,33
78,78,26
6,6,97
80,27,27
80,80,74
54,54,84
83,99,99
60,60,23
76,69,69
92,54,54
18,18,78
14,14,8
26,26,61
9,9,86
81,90,90
85,85,91
32,32,90
63,63,64
43,43,47
56,56,30
87,87,5
78,44,44
45,44,51
99,99,67
70,70,83
8,8,46
12,90,90
65,65,38
80,80,84
58,41,41
17,17,37
39,39,99
53,53,0
66,66,21
48,48,89
25,25,20
88,34,34
32,89,89
97,65,27
87,98,98
37,37,33
40,80,80
91,91,18
16,16,86
27,4,4
33,96,96
86,86,16
89,89,58
5,5,84
76,76,69
83,83,7
74,74,65
85,17,42
24,24,7
93,3,3
32,32,63
76,76,12
45,33,33
5,46,46
52,52,47
46,34,34
72,27,27
40,40,37
58,58,85
84,84,5
6,6,82
91,91,71
38,38,63
35,11,11
66,66,75
25,9,9
79,79,63
57,0,53
23,23,67
14,14,67
15,15,21
86,86,86
75,75,74
45,45,91
6,6,35
22,22,61
33,96,96
76,76,39
52,52,59
41,41,81
90,49,49
22,22,98
34,34,88
45,45,29
66,66,48
7,7,78
95,30,30
11,35,35
1,1,26
23,23,69
3,3,36
22,87,87
5,5,25
80,80,74
93,93,32
27,27,18
86,39,16
69,44,44
92,62,62
53,53,83
54,54,26
63,29,29
18,18,78
84,84,44
66,65,65
8,8,46
59,96,96
8,8,89
42,88,88
62,62,1
29,18,18
30,30,64
73,73,26
2,2,77
96,33,33
39,39,86
4,4,64
22,22,32
45,45,26
83,83,51
58,58,89
73,73,93
18,18,44
84,84,34
4,4,77
5,5,25
2,57,57
18,18,78
23,23,73
29,29,74
85,85,64
34,34,88
42,97,93
16,16,45
86,86,16
65,44,26
95,95,72
45,45,33
97,97,22
0,0,57
20,66,66
46,32,32
44,44,59
86,86,25
92,92,54
29,29,44
85,85,58
82,82,62
91,91,18
82,82,62
17,17,37
38,43,43
58,58,31
12,12,90
26,26,51
54,54,35
28,28,10
58,58,72
79,18,18
1,1,73
4,4,88
95,44,44
10,22,22
3,66,66
33,56,56
23,23,82
91,91,61
73,73,80
1,1,91
1,1,73
35,35,98
10,1,1
19,19,15
88,88,42
11,11,46
29,45,45
56,56,79
0,57,57
54,54,79
61,61,99
20,20,25
13,13,10
17,17,37
53,53,40
89,89,58
18,18,39
81,81,13
6,6,79
96,96,59
41,41,48
26,26,51
26,79,79
25,25,5
60,60,69
22,22,25
73,46,90
4,4,74
47,47,15
24,24,7
18,79,79
78,78,45
17,17,37
7,7,24
0,0,53
87,87,5
26,26,44
95,73,72
14,14,48
56,56,59
18,44,44
12,12,69
54,54,92
21,80,80
79,79,26
8,8,46
43,43,80
39,39,80
24,65,51
40,40,22
53,53,83
35,98,98
21,4,4
31,31,63
8,8,48
57,57,32
33,33,59
82,88,88
35,35,11
6,50,50
5,94,94
40,94,86
65,64,64
22,22,8
16,16,81
64,64,88
57,57,77
98,2,36
64,38,38
88,88,42
55,79,79
58,58,89
27,27,93
36,36,50
13,13,81
91,91,1
84,84,45
9,9,14
5,58,58
9,9,40
65,65,75
85,85,84
70,70,70
59,96,96
93,11,11
2,2,26
59,59,52
79,79,10
70,70,92
34,34,43
97,97,34
86,22,81
49,49,17
18,44,44
55,55,29
70,70,92
73,29,29
38,38,64
34,34,43
61,61,10
69,69,57
37,37,81
64,64,27
24,24,7
3,15,15
78,78,99
74,72,75
33,32,63
35,35,2
1,1,93
84,84,45
22,22,10
86,86,72
4,4,55
91,91,32
13,13,58
90,90,81
68,68,68
60,71,0
84,84,45
0,0,57
34,34,80
18,12,12
32,67,67
92,92,83
14,14,18
96,49,49
35,35,2
86,28,28
3,3,19
89,89,90
79,18,18
15,15,59
66,66,94
35,35,98
50,50,31
12,12,37
41,41,89
31,31,4
34,11,11
93,93,10
84,84,25
26,26,63
74,74,99
78,80,80
50,50,36
57,57,63
54,70,70
2,11,11
95,73,73
44,44,78
66,66,97
60,60,0
26,26,45
58,58,89
82,82,62
67,67,63
98,83,53
89,89,90
28,28,67
55,55,3
95,95,30
76,76,40
60,60,33
76,76,16
91,91,17
37,66,66
2,2,35
3,3,4
62,62,92
43,43,50
91,91,32
48,48,48
63,63,27
34,34,4
56,33,33
34,34,97
53,53,14
3,51,51
28,28,40
8,8,48
40,40,18
44,45,45
33,96,96
61,61,10
60,60,82
73,73,67
61,61,44
26,26,45
59,63,63
4,59,59
49,49,76
92,92,1
92,92,70
6,45,45
72,57,55
86,94,31
18,18,59
20,20,25
55,55,63
0,0,57
85,85,89
75,64,63
18,55,33
23,23,49
74,55,55
95,95,30
81,81,13
58,58,89
73,73,67
60,60,40
21,21,43
14,82,82
19,3,15
87,98,98
47,47,3
79,79,66
90,90,12
75,75,66
73,75,30
15,15,19
41,41,48
39,39,92
99,99,16
11,29,33
94,94,16
45,45,24
91,91,75
36,36,50
77,77,14
3,72,72
75,75,25
92,92,62
94,94,45
61,61,22
50,50,85
38,38,97
12,12,40
1,1,93
0,0,53
30,30,95
84,84,26
98,98,35
29,29,74
7,7,79
18,18,33
48,48,8
89,87,87
91,91,17
84,84,25
63,29,29
62,62,1
31,31,19
40,40,76
55,72,72
30,30,73
61,43,26
86,86,78
47,96,96
33,62,62
11,11,4
25,20,67
14,14,29
28,28,40
75,75,64
11,2,35
81,81,13
61,22,22
73,44,93
79,79,26
5,5,76
88,88,42
56,56,44
81,81,90
31,15,33
84,84,19
69,69,76
30,30,95
6,6,82
68,68,74
70,92,92
12,16,16
74,74,66
7,7,79
21,67,67
55,77,77
71,60,60
5,5,84
14,14,95
48,48,8
18,18,44
0,0,53
70,70,92
38,38,29
26,78,78
24,24,7
69,69,95
16,16,86
9,9,86
42,42,88
41,41,58
39,39,63
27,27,3
0,0,53
70,70,92
85,85,10
9,9,86
43,43,42
79,79,26
77,77,3
75,75,51
74,74,63
80,80,38
42,42,44
67,45,45
8,8,67
0,0,10
36,36,50
89,89,45
43,4,4
46,98,98
69,69,63
56,56,3
42,42,63
10,22,22
71,71,60
98,98,35
55,97,97
40,40,86
16,87,87
0,0,57
21,21,30
2,2,45
1,1,91
64,72,72
52,47,96
43,43,42
83,83,92
65,77,77
68,68,60
18,18,44
1,1,41
25,25,95
96,96,31
46,46,98
47,33,33
90,90,81
2,2,11
28,77,77
37,37,49
61,61,16
31,31,34
77,14,9
4,4,33
92,92,70
38,38,97
93,93,95
28,28,51
39,39,25
18,18,44
41,41,91
44,18,18
49,49,73
1,70,62
11,11,35
19,42,42
91,91,73
82,82,62
4,4,27
60,60,12
34,34,47
56,56,37
19,13,13
32,32,51
74,63,63
87,16,33
99,99,18
72,73,73
98,98,36
8,8,33
58,58,13
93,93,73
87,87,12
87,45,45
24,24,26
35,35,2
43,43,53
52,47,47
6,6,82
4,4,30
33,33,27
8,8,22
63,63,4
26,26,99
34,34,38
39,39,67
97,97,55
47,59,37
75,75,7
33,33,41
87,87,10
49,49,60
46,46,35
16,16,86
33,33,33
76,76,31
41,41,41
97,97,50
8,8,84
75,75,66
17,17,37
80,80,65
93,93,73
27,27,33
4,4,93
41,41,90
49,60,60
30,30,73
31,75,75
21,21,3
77,77,14
90,90,89
54,54,92
87,87,76
86,86,76
37,37,17
47,47,52
66,66,65
2,2,35
73,73,95
55,55,85
25,25,16
62,62,14
26,26,99
19,65,80
28,28,67
15,15,29
14,14,27
59,52,52
69,17,17
45,45,83
92,92,48
39,39,39
42,42,78
58,58,13
49,49,45
48,48,41
44,44,33
71,71,95
48,48,8
69,69,95
9,9,51
77,26,42
25,10,10
35,11,11
23,71,72
66,66,97
66,66,42
88,80,14
82,82,62
1,1,13
39,39,10
88,88,42
93,93,59
82,82,51
7,7,14
17,76,76
56,56,37
40,40,51
70,70,53
1,1,91
68,68,12
59,52,52
69,69,76
45,26,26
16,16,86
6,7,7
85,85,59
12,12,60
99,99,78
88,88,42
40,40,84
68,68,90
36,36,50
23,60,60
17,17,37
13,44,44
20,20,25
46,46,45
75,75,63
61,22,22
70,70,62
58,58,89
42,42,51
51,51,92
75,75,63
73,73,40
70,54,54
37,37,12
28,28,86
90,90,13
95,55,55
88,88,19
68,68,40
38,38,19
95,93,93
77,77,18
16,16,51
58,58,13
99,61,61
39,39,39
56,56,79
17,17,37
33,33,59
77,77,57
63,63,80
87,87,84
75,75,51
4,4,74
16,16,87
94,94,84
55,55,72
76,76,31
60,60,49
97,97,21
1,1,32
0,0,53
75,75,55
31,31,42
55,55,72
71,71,60
75,75,63
52,52,96
6,6,18
43,43,42
14,14,74
84,84,15
14,6,6
51,34,6
1,1,7
88,88,43
53,53,57
66,66,30
5,5,12
56,59,59
32,32,2
52,52,59
40,40,84
24,24,7
86,86,22
54,54,45
54,92,92
88,88,42
61,61,16
87,87,22
54,54,62
24,24,44
10,84,84
85,85,41
17,17,37
90,90,12
22,22,13
86,86,16
77,77,80
79,79,18
94,94,76
45,45,78
0,0,83
39,39,25
89,89,58
82,82,62
41,41,48
87,87,25
91,91,1
73,73,27
4,4,55
62,62,82
72,72,3
98,46,2
10,10,16
11,46,46
28,28,84
38,38,34
74,74,32
70,70,2
13,13,58
7,20,20
15,15,19
24,24,26
76,76,95
98,98,21
67,93,51
79,79,56
15,15,38
47,47,52
47,47,52
93,93,66
73,73,67
13,13,89
26,26,93
70,70,92
95,95,73
60,60,49
70,70,62
11,2,2
82,82,62
66,81,81
34,34,15
6,6,18
65,92,92
62,62,51
74,48,62
46,31,31
36,36,50
88,88,42
96,47,47
48,48,89
79,79,80
50,74,74
19,31,55
83,83,57
66,66,43
68,68,67
97,97,74
64,64,66
16,16,86
61,63,63
16,16,86
84,84,39
18,18,7
29,29,34
63,35,35
57,53,53
9,83,83
38,38,80
43,80,80
74,74,33
15,15,25
1,1,91
67,59,59
91,67,63
1,1,54
84,84,79
69,69,29
13,81,90
10,10,0
33,33,96
80,55,55
68,68,90
30,30,95
8,8,99
3,3,21
13,81,81
45,48,26
18,18,1
20,78,41
35,35,18
28,20,20
93,63,63
5,5,84
53,53,1
34,34,43
27,27,44
93,67,67
18,18,6
44,44,74
93,93,67
37,37,15
77,7,42
46,35,35
31,31,34
69,69,63
47,47,96
57,5,39
30,95,95
85,85,58
80,80,27
1,1,36
82,82,54
45,45,82
66,66,55
18,18,7
58,58,89
31,31,3
42,42,43
23,23,33
90,90,81
18,14,14
83,83,53
19,31,31
51,51,92
80,80,34
23,23,33
64,64,93
61,61,99
40,16,16
51,51,11
99,99,78
28,28,76
19,19,74
63,63,96
7,45,45
97,97,34
78,78,99
34,34,36
84,71,71
13,13,85
50,50,74
17,17,76
28,28,10
29,29,44
10,10,67
57,82,82
83,83,7
83,83,53
53,53,14
73,73,67
7,7,24
59,59,3
82,82,62
34,34,36
15,15,17
68,68,90
68,68,60
34,34,50
82,82,36
75,75,7
37,37,84
8,8,48
94,94,0
16,16,76
24,24,7
21,21,3
8,8,90
96,96,47
53,53,0
49,49,76
38,63,63
85,16,16
27,27,55
32,32,67
96,96,52
20,20,84
29,29,44
43,43,63
69,69,95
94,94,13
26,26,45
92,65,65
23,23,60
91,91,73
34,57,24
48,48,8
71,71,23
53,53,0
25,5,76
0,0,76
59,59,56
57,84,84
69,69,5
73,73,95
27,39,25
12,12,25
42,42,80
61,61,78
21,21,73
72,95,95
88,88,42
28,28,61
15,15,45
24,24,40
1,1,80
77,77,15
67,67,93
82,82,62
5,5,84
64,64,50
51,51,1
52,59,59
79,79,45
70,70,54
46,46,21
1,1,73
59,59,47
87,87,12
68,60,60
88,88,39
76,76,69
45,45,88
15,19,19
79,6,6
1,1,51
35,35,2
94,94,5
79,79,24
16,55,55
49,71,76
26,26,32
72,55,55
60,60,33
73,73,10
9,9,16
75,75,19
5,5,94
72,72,74
27,14,14
67,32,32
38,38,65
18,18,56
45,79,42
36,80,80
40,69,69
96,47,52
35,98,98
7,7,18
85,85,12
30,30,73
14,92,92
51,51,93
79,79,7
76,13,13
99,99,78
86,86,16
15,15,55
29,29,78
63,75,75
66,66,63
62,62,10
80,80,19
24,24,7
57,57,53
43,43,42
78,78,48
33,49,93
99,99,44
95,95,30
93,93,45
72,63,63
71,71,95
77,74,74
86,86,67
64,64,50
4,4,35
23,51,51
62,62,70
50,50,63
17,17,81
98,35,35
21,21,3
32,32,72
57,57,76
99,61,61
2,11,11
6,6,45
70,1,1
82,82,47
82,82,62
94,94,12
95,95,30
81,81,89
96,96,52
77,77,93
33,33,49
67,67,73
31,31,38
60,60,90
7,29,29
74,74,1
63,63,41
62,62,92
82,82,14
36,36,26
12,68,68
31,31,34
47,52,52
75,75,7
77,77,4
29,29,1
94,94,76
27,27,85
70,62,62
95,50,74
32,32,75
38,38,44
67,32,32
37,37,81
2,19,19
65,65,36
40,40,46
53,53,0
87,87,75
95,95,30
53,53,83
42,42,50
43,43,50
89,89,85
69,69,76
93,93,62
81,81,13
84,84,40
71,71,25
31,31,38
33,33,99
73,73,91
75,75,91
85,58,58
47,47,70
97,97,64
54,54,92
13,33,33
24,24,33
46,46,40
62,62,89
92,92,83
53,53,61
98,46,35
66,66,97
45,45,26
48,48,48
94,94,18
16,10,10
69,69,40
60,60,96
27,15,15
35,98,3
59,59,90
47,52,52
44,44,80
57,57,54
4,4,55
83,83,0
89,89,15
71,71,39
58,68,68
52,31,96
46,32,32
58,58,90
98,35,35
22,55,55
62,62,61
47,52,52
2,2,35
58,58,89
77,77,55
96,96,33
86,86,25
33,33,45
13,58,58
69,69,76
97,97,85
14,14,64
51,51,62
2,2,24
4,74,74
29,45,45
58,58,41
44,19,88
6,6,79
80,66,66
81,81,13
99,99,41
28,28,40
50,50,36
57,57,51
88,88,42
25,25,20
38,38,19
71,71,60
47,47,96
53,53,51
48,48,48
79,79,7
59,59,89
29,29,26
82,82,62
90,90,81
26,93,93
81,81,5
17,17,76
14,14,75
69,69,76
25,25,90
32,46,46
39,39,22
14,62,62
89,89,90
3,4,4
67,67,62
78,99,99
28,28,66
98,98,11
88,88,42
20,20,5
3,88,4
18,18,44
60,71,71
48,48,26
69,69,76
18,18,77
41,41,29
6,6,45
39,39,45
44,69,69
15,15,17
37,37,17
57,44,44
48,48,8
98,98,15
89,89,13
67,67,73
77,46,45
38,38,19
71,71,23
21,21,90
96,96,56
11,11,35
13,13,87
84,84,45
73,73,30
58,58,13
73,30,30
35,98,98
31,31,55
83,92,45
59,59,80
77,77,93
50,74,74
41,78,78
89,89,8
19,19,42
54,54,84
4,63,63
68,68,76
9,9,3
91,91,29
67,67,93
19,21,21
40,40,84
71,71,23
57,77,77
38,38,77
9,9,69
82,82,62
3,3,4
76,76,17
20,20,5
60,60,23
42,42,80
94,94,84
26,76,80
72,72,93
6,14,14
25,25,20
61,61,44
36,36,50
4,55,55
14,14,45
61,2,51
60,60,33
14,77,77
62,62,70
27,96,44
66,33,33
16,16,90
67,67,93
93,93,4
23,23,60
33,33,85
88,88,43
18,18,50
58,58,13
0,0,51
83,83,16
23,23,49
85,85,27
56,56,96
20,20,5
45,79,79
20,20,84
30,30,27
96,96,47
19,19,13
15,44,63
98,40,35
51,67,67
26,26,99
0,0,83
56,56,59
47,47,56
57,57,92
59,52,52
10,83,83
51,51,44
65,98,3
3,3,4
23,23,73
9,9,86
77,77,67
43,43,46
15,15,34
55,65,74
77,77,80
19,19,38
73,73,72
77,77,80
7,7,24
29,12,49
4,4,63
61,61,93
64,50,50
30,30,93
39,39,86
70,45,45
19,19,10
51,51,17
9,9,16
17,17,37
28,28,16
45,45,67
28,28,73
12,12,18
83,70,70
49,69,32
63,63,50
71,71,60
12,12,13
11,11,35
77,77,51
35,35,98
29,3,3
40,40,75
15,15,19
84,84,44
19,19,15
66,36,36
70,70,92
62,62,92
34,34,88
94,94,12
72,30,73
35,11,11
50,5,5
99,99,78
33,33,47
90,90,18
16,16,86
56,56,59
4,4,77
24,24,24
60,71,23
3,75,75
19,19,15
14,14,18
23,23,49
68,68,12
91,45,45
81,81,37
61,61,10
90,90,81
21,21,7
57,57,0
22,22,91
87,87,86
82,82,62
12,85,85
38,38,34
10,10,18
93,93,29
77,77,51
84,84,10
41,41,69
64,29,29
76,76,40
25,25,44
91,91,73
94,94,16
42,42,51
79,28,44
19,19,15
76,76,80
87,87,94
18,18,82
51,51,77
1,1,27
50,50,1
37,37,17
6,6,3
45,45,26
23,23,63
0,0,53
55,55,45
91,91,18
89,89,48
95,95,30
48,48,22
45,62,62
54,54,54
69,69,40
82,9,18
68,68,37
56,56,59
94,35,38
80,80,50
40,96,96
67,67,30
71,71,1
5,25,25
50,50,74
60,60,33
79,79,63
0,0,63
44,93,95
55,74,74
46,98,98
80,29,29
2,2,35
32,32,15
92,92,70
45,72,26
69,69,76
97,97,56
13,13,81
30,30,95
27,27,44
74,74,55
8,8,48
17,17,76
42,42,78
91,91,44
11,11,46
36,36,4
69,69,23
50,50,80
57,57,0
84,84,5
90,76,49
85,85,89
3,3,21
91,91,18
79,79,44
76,76,17
13,13,81
8,8,40
92,92,62
69,85,85
82,82,14
7,7,8
73,73,91
89,89,90
32,32,19
42,42,74
39,39,22
26,26,46
80,80,36
74,63,63
15,15,38
74,74,50
16,16,10
57,82,82
94,94,16
60,60,33
33,91,91
83,83,7
62,62,70
85,85,58
48,48,8
33,33,17
11,11,35
5,5,25
2,64,64
18,37,27
75,75,65
75,75,78
4,38,38
3,3,31
72,72,32
17,17,76
89,89,85
70,70,92
19,19,15
36,36,50
77,22,22
67,67,27
83,83,53
63,63,66
2,2,35
92,62,14
17,37,37
98,98,35
99,99,78
77,77,16
56,56,45
22,22,10
84,84,33
14,14,92
71,71,99
94,94,84
44,99,65
73,41,27
41,41,44
96,52,47
91,91,73
85,85,59
43,43,42
82,82,14
40,40,31
97,97,66
42,42,78
96,96,33
47,47,52
22,40,40
1,1,62
46,44,44
78,78,18
72,31,33
93,93,32
85,85,26
18,18,44
63,63,27
65,65,5
25,25,58
44,44,78
2,2,11
86,86,22
45,44,44
59,59,93
2,2,35
54,54,62
11,98,98
56,56,59
75,75,41
47,52,52
76,76,12
20,20,25
48,48,41
97,97,21
9,9,77
45,62,62
38,38,33
84,5,5
3,3,75
36,36,50
43,43,42
84,84,40
18,18,99
6,6,82
9,9,76
72,72,66
38,38,65
6,82,82
75,75,19
15,15,19
29,29,44
35,35,36
25,20,20
95,95,30
3,3,21
58,90,90
74,74,66
44,44,27
83,83,0
91,91,1
74,74,63
86,83,93
25,91,91
38,63,63
58,58,13
36,36,34
90,90,81
8,8,48
49,1,1
65,65,50
95,40,40
92,10,14
14,14,62
81,81,37
0,0,63
58,58,13
96,96,56
1,1,16
61,61,10
59,59,47
21,21,3
60,60,82
89,89,33
82,82,6
10,61,61
80,80,77
52,52,47
65,65,64
55,55,72
32,32,67
77,77,7
69,69,76
26,26,77
42,42,78
79,79,8
46,11,11
20,20,25
38,38,65
52,47,96
15,15,34
7,79,79
65,65,3
63,63,61
96,96,52
26,26,45
29,29,15
3,3,42
79,79,26
39,39,23
30,30,95
99,99,76
2,25,25
8,8,85
19,36,65
52,52,47
69,40,76
58,58,89
54,54,33
82,82,14
3,3,31
82,43,43
93,93,67
70,70,83
99,99,18
21,21,19
17,17,90
56,56,33
64,64,97
74,74,93
1,1,36
62,62,70
61,61,22
85,85,89
78,78,63
58,58,13
28,10,10
53,53,51
74,74,78
47,47,52
5,5,20
34,34,42
81,81,13
64,64,79
77,77,18
30,67,67
66,66,40
4,27,33
45,45,88
30,93,93
98,46,46
44,27,88
95,7,7
87,87,22
63,55,75
87,87,39
26,26,32
41,41,41
70,70,92
22,51,42
21,21,3
32,32,67
90,90,55
36,36,50
85,85,90
74,3,3
87,87,12
21,21,58
87,87,94
71,71,23
53,53,57
27,27,67
63,74,74
1,1,36
8,8,41
93,44,44
98,21,10
61,61,10
88,88,42
37,37,45
10,10,22
83,83,9
91,55,37
85,85,58
34,80,80
24,24,7
50,67,74
49,49,60
12,12,76
28,28,10
74,50,50
44,74,74
58,58,90
45,45,18
87,87,76
79,79,26
32,67,67
14,14,78
47,47,96
31,31,3
77,77,26
59,59,47
60,49,49
71,71,63
25,12,12
67,67,73
81,81,13
98,11,2
54,54,54
67,67,95
17,17,15
21,21,98
1,1,93
88,88,34
21,21,90
77,77,93
95,95,30
91,91,32
12,12,81
15,15,38
82,82,62
22,22,38
16,16,9
66,66,75
25,25,32
1,1,41
29,15,15
29,29,42
73,73,93
27,27,63
81,81,90
63,63,3
53,53,57
23,23,67
13,81,81
86,86,95
44,33,33
71,71,60
28,28,40
75,75,66
98,35,35
64,62,62
79,79,26
16,16,86
8,8,48
77,7,41
22,22,61
81,81,13
87,87,5
10,83,83
65,65,80
62,62,92
49,49,17
70,70,92
57,57,53
74,7,7
64,79,18
40,40,95
91,91,1
23,23,60
13,13,58
80,80,38
6,6,14
42,42,51
46,66,66
30,30,95
95,39,39
35,35,11
5,84,40
41,41,8
36,36,35
59,89,52
12,12,81
43,43,21
86,86,25
97,97,42
53,53,51
50,1,1
80,64,51
3,3,55
61,61,10
20,20,46
22,22,67
57,57,83
25,25,12
71,71,76
55,75,75
68,68,44
20,20,95
33,49,49
67,67,32
87,87,86
16,16,28
41,41,90
66,66,42
44,72,74
25,87,12
63,51,54
1,92,92
15,15,62
42,63,63
6,6,51
85,85,41
8,48,48
2,2,11
5,25,25
45,45,26
5,5,33
71,71,27
56,56,59
99,99,78
73,23,67
78,18,18
2,2,11
76,76,72
50,50,64
30,30,95
53,53,51
91,91,73
81,68,56
65,65,50
92,70,70
23,23,0
11,46,46
95,95,72
40,40,2
30,95,95
62,62,82
35,11,11
23,23,49
78,78,99
96,96,33
67,67,76
36,36,50
8,8,22
15,15,17
4,4,21
80,80,74
27,27,42
60,60,33
7,7,1
54,54,84
48,48,8
16,16,86
57,57,0
94,94,76
30,30,91
92,62,51
43,43,42
62,62,92
58,58,89
19,19,31
23,23,76
38,38,43
28,65,65
96,96,47
95,95,30
10,10,34
99,99,41
86,86,39
53,53,57
89,89,41
11,11,32
52,52,96
58,58,80
54,54,51
85,85,89
74,63,63
72,66,64
82,82,62
72,72,90
73,69,69
43,43,65
37,89,31
34,51,51
47,47,96
52,47,47
40,40,63
53,53,53
45,45,4
8,8,33
83,83,92
3,3,21
90,90,26
40,40,12
28,28,95
53,53,11
32,27,27
59,59,52
4,4,74
33,33,89
62,92,92
89,89,41
44,44,77
12,44,44
4,55,55
89,89,19
98,98,11
78,78,99
82,82,14
91,17,17
31,31,19
91,91,17
47,47,85
9,9,40
73,73,30
69,69,76
36,36,50
57,45,45
91,91,73
95,95,30
37,37,17
61,61,10
83,92,70
69,69,76
11,11,35
80,55,55
76,76,16
31,79,89
10,82,82
90,12,12
98,98,11
94,94,16
24,24,7
39,99,99
1,1,53
33,33,96
29,33,90
29,55,55
7,7,79
39,39,6
15,15,89
99,99,78
3,3,31
41,41,35
66,66,21
80,80,50
27,27,85
45,45,26
55,55,4
32,32,2
5,5,25
45,90,33
9,9,9
72,44,44
33,33,37
38,46,19
40,35,35
24,79,79
59,31,31
65,65,31
46,46,11
38,38,50
23,23,67
39,39,33
25,25,41
97,97,48
66,85,85
46,25,25
52,52,96
29,42,27
56,56,59
98,11,21
82,82,62
41,41,44
38,38,99
51,51,40
79,79,73
19,19,88
18,18,75
95,73,67
64,64,50
78,45,45
96,96,33
49,49,67
64,64,50
40,40,67
36,36,50
97,97,34
40,40,28
45,44,44
49,49,17
62,62,82
10,10,95
56,56,52
4,4,93
77,44,90
81,81,13
91,91,44
5,5,13
87,87,39
3,3,21
50,50,74
80,80,3
86,86,40
89,41,41
17,17,76
12,12,89
80,80,27
72,3,55
79,44,74
67,27,63
40,98,98
13,13,81
98,98,46
37,37,85
21,21,63
76,76,76
32,14,14
59,59,52
49,49,93
30,30,91
60,33,33
80,38,38
51,51,18
66,55,55
87,87,84
38,38,56
63,7,7
53,53,45
4,4,35
48,48,78
24,24,7
13,13,58
31,31,19
29,95,95
84,84,2
46,46,2
61,61,93
24,24,6
34,34,43
98,11,11
45,45,10
99,99,44
27,55,55
51,51,74
91,91,32
0,0,57
72,72,66
50,50,15
57,57,15
4,63,63
60,60,82
81,90,90
86,86,40
9,9,13
11,11,46
92,92,63
99,99,61
77,77,93
57,57,67
14,14,47
2,2,35
70,70,51
69,69,77
69,69,3
32,32,91
79,79,59
44,44,93
58,13,13
0,0,83
20,20,87
7,6,6
45,85,85
82,82,7
79,79,26
58,58,89
73,23,72
58,58,87
75,3,3
85,85,69
55,38,38
70,70,62
29,44,44
97,97,93
11,35,35
53,53,1
37,37,56
73,73,30
28,28,40
86,34,34
50,50,78
24,24,7
31,29,29
95,95,30
1,1,62
2,2,11
36,50,50
59,59,96
99,99,18
55,91,91
85,85,27
0,0,57
23,71,60
64,64,63
82,82,48
62,62,0
31,31,34
86,86,72
57,57,40
72,72,3
73,73,91
42,33,33
91,29,29
84,84,37
85,85,41
90,90,89
69,69,76
82,82,19
21,21,67
89,89,44
68,68,90
68,68,51
76,76,59
31,66,66
58,58,13
8,8,61
37,37,81
13,81,81
30,30,93
78,78,22
43,88,88
33,33,47
99,99,95
42,42,44
12,12,90
92,92,70
8,8,89
82,82,62
78,78,99
97,97,42
62,62,70
74,50,50
4,4,27
69,90,90
29,29,34
97,38,38
74,44,44
56,56,96
18,59,59
74,77,21
3,72,72
95,95,30
54,51,51
53,53,0
45,45,84
16,16,40
73,73,67
29,29,44
33,33,47
6,6,19
86,86,66
19,19,38
97,97,38
4,4,74
9,9,18
53,57,57
89,89,58
18,18,57
87,25,25
26,26,93
49,49,67
11,11,46
14,14,83
65,4,80
83,83,70
3,3,21
27,27,44
30,30,72
52,52,59
74,74,65
29,29,96
96,59,47
90,90,12
14,14,77
77,77,80
65,19,55
7,7,44
75,75,51
27,27,93
16,16,87
30,30,73
50,74,74
83,83,57
14,14,63
51,51,60
42,42,78
70,70,92
